ISO-10303-21;
HEADER;
FILE_DESCRIPTION(('Open CASCADE Model'),'2;1');
FILE_NAME('Open CASCADE Shape Model','2026-05-26T23:53:14',('Author'),(
    'Open CASCADE'),'Open CASCADE STEP processor 7.8','build123d',
  'Unknown');
FILE_SCHEMA(('AUTOMOTIVE_DESIGN { 1 0 10303 214 1 1 1 1 }'));
ENDSEC;
DATA;
#1 = APPLICATION_PROTOCOL_DEFINITION('international standard',
  'automotive_design',2000,#2);
#2 = APPLICATION_CONTEXT(
  'core data for automotive mechanical design processes');
#3 = SHAPE_DEFINITION_REPRESENTATION(#4,#10);
#4 = PRODUCT_DEFINITION_SHAPE('','',#5);
#5 = PRODUCT_DEFINITION('design','',#6,#9);
#6 = PRODUCT_DEFINITION_FORMATION('','',#7);
#7 = PRODUCT('SOLID','SOLID','',(#8));
#8 = PRODUCT_CONTEXT('',#2,'mechanical');
#9 = PRODUCT_DEFINITION_CONTEXT('part definition',#2,'design');
#10 = ADVANCED_BREP_SHAPE_REPRESENTATION('',(#11,#15),#3555);
#11 = AXIS2_PLACEMENT_3D('',#12,#13,#14);
#12 = CARTESIAN_POINT('',(0.,0.,0.));
#13 = DIRECTION('',(0.,0.,1.));
#14 = DIRECTION('',(1.,0.,-0.));
#15 = MANIFOLD_SOLID_BREP('',#16);
#16 = CLOSED_SHELL('',(#17,#105,#158,#211,#246,#281,#2189,#2244,#2343,
    #2620,#2703,#2890,#2925,#2980,#3011,#3061,#3067,#3071,#3096,#3165,
    #3297,#3489,#3496,#3551));
#17 = ADVANCED_FACE('',(#18),#32,.T.);
#18 = FACE_BOUND('',#19,.T.);
#19 = EDGE_LOOP('',(#20,#50,#77,#78));
#20 = ORIENTED_EDGE('',*,*,#21,.T.);
#21 = EDGE_CURVE('',#22,#24,#26,.T.);
#22 = VERTEX_POINT('',#23);
#23 = CARTESIAN_POINT('',(25.5,0.,10.5));
#24 = VERTEX_POINT('',#25);
#25 = CARTESIAN_POINT('',(25.5,0.,13.));
#26 = SEAM_CURVE('',#27,(#31,#43),.PCURVE_S1.);
#27 = LINE('',#28,#29);
#28 = CARTESIAN_POINT('',(25.5,-6.245698675652E-15,10.));
#29 = VECTOR('',#30,1.);
#30 = DIRECTION('',(0.,0.,1.));
#31 = PCURVE('',#32,#37);
#32 = CYLINDRICAL_SURFACE('',#33,25.5);
#33 = AXIS2_PLACEMENT_3D('',#34,#35,#36);
#34 = CARTESIAN_POINT('',(0.,0.,10.));
#35 = DIRECTION('',(0.,0.,1.));
#36 = DIRECTION('',(1.,0.,0.));
#37 = DEFINITIONAL_REPRESENTATION('',(#38),#42);
#38 = LINE('',#39,#40);
#39 = CARTESIAN_POINT('',(6.28318530718,-0.));
#40 = VECTOR('',#41,1.);
#41 = DIRECTION('',(0.,1.));
#42 = ( GEOMETRIC_REPRESENTATION_CONTEXT(2) 
PARAMETRIC_REPRESENTATION_CONTEXT() REPRESENTATION_CONTEXT('2D SPACE',''
  ) );
#43 = PCURVE('',#32,#44);
#44 = DEFINITIONAL_REPRESENTATION('',(#45),#49);
#45 = LINE('',#46,#47);
#46 = CARTESIAN_POINT('',(0.,-0.));
#47 = VECTOR('',#48,1.);
#48 = DIRECTION('',(0.,1.));
#49 = ( GEOMETRIC_REPRESENTATION_CONTEXT(2) 
PARAMETRIC_REPRESENTATION_CONTEXT() REPRESENTATION_CONTEXT('2D SPACE',''
  ) );
#50 = ORIENTED_EDGE('',*,*,#51,.F.);
#51 = EDGE_CURVE('',#24,#24,#52,.T.);
#52 = SURFACE_CURVE('',#53,(#58,#65),.PCURVE_S1.);
#53 = CIRCLE('',#54,25.5);
#54 = AXIS2_PLACEMENT_3D('',#55,#56,#57);
#55 = CARTESIAN_POINT('',(0.,0.,13.));
#56 = DIRECTION('',(0.,0.,1.));
#57 = DIRECTION('',(1.,0.,-0.));
#58 = PCURVE('',#32,#59);
#59 = DEFINITIONAL_REPRESENTATION('',(#60),#64);
#60 = LINE('',#61,#62);
#61 = CARTESIAN_POINT('',(0.,3.));
#62 = VECTOR('',#63,1.);
#63 = DIRECTION('',(1.,0.));
#64 = ( GEOMETRIC_REPRESENTATION_CONTEXT(2) 
PARAMETRIC_REPRESENTATION_CONTEXT() REPRESENTATION_CONTEXT('2D SPACE',''
  ) );
#65 = PCURVE('',#66,#71);
#66 = CONICAL_SURFACE('',#67,25.5,0.785398163397);
#67 = AXIS2_PLACEMENT_3D('',#68,#69,#70);
#68 = CARTESIAN_POINT('',(0.,0.,13.));
#69 = DIRECTION('',(-0.,-0.,-1.));
#70 = DIRECTION('',(1.,0.,0.));
#71 = DEFINITIONAL_REPRESENTATION('',(#72),#76);
#72 = LINE('',#73,#74);
#73 = CARTESIAN_POINT('',(-0.,-0.));
#74 = VECTOR('',#75,1.);
#75 = DIRECTION('',(-1.,-0.));
#76 = ( GEOMETRIC_REPRESENTATION_CONTEXT(2) 
PARAMETRIC_REPRESENTATION_CONTEXT() REPRESENTATION_CONTEXT('2D SPACE',''
  ) );
#77 = ORIENTED_EDGE('',*,*,#21,.F.);
#78 = ORIENTED_EDGE('',*,*,#79,.T.);
#79 = EDGE_CURVE('',#22,#22,#80,.T.);
#80 = SURFACE_CURVE('',#81,(#86,#93),.PCURVE_S1.);
#81 = CIRCLE('',#82,25.5);
#82 = AXIS2_PLACEMENT_3D('',#83,#84,#85);
#83 = CARTESIAN_POINT('',(0.,0.,10.5));
#84 = DIRECTION('',(0.,0.,1.));
#85 = DIRECTION('',(1.,0.,-0.));
#86 = PCURVE('',#32,#87);
#87 = DEFINITIONAL_REPRESENTATION('',(#88),#92);
#88 = LINE('',#89,#90);
#89 = CARTESIAN_POINT('',(0.,0.5));
#90 = VECTOR('',#91,1.);
#91 = DIRECTION('',(1.,0.));
#92 = ( GEOMETRIC_REPRESENTATION_CONTEXT(2) 
PARAMETRIC_REPRESENTATION_CONTEXT() REPRESENTATION_CONTEXT('2D SPACE',''
  ) );
#93 = PCURVE('',#94,#99);
#94 = CONICAL_SURFACE('',#95,25.5,0.785398163397);
#95 = AXIS2_PLACEMENT_3D('',#96,#97,#98);
#96 = CARTESIAN_POINT('',(0.,0.,10.5));
#97 = DIRECTION('',(0.,0.,1.));
#98 = DIRECTION('',(1.,0.,-0.));
#99 = DEFINITIONAL_REPRESENTATION('',(#100),#104);
#100 = LINE('',#101,#102);
#101 = CARTESIAN_POINT('',(0.,-0.));
#102 = VECTOR('',#103,1.);
#103 = DIRECTION('',(1.,-0.));
#104 = ( GEOMETRIC_REPRESENTATION_CONTEXT(2) 
PARAMETRIC_REPRESENTATION_CONTEXT() REPRESENTATION_CONTEXT('2D SPACE',''
  ) );
#105 = ADVANCED_FACE('',(#106),#94,.T.);
#106 = FACE_BOUND('',#107,.F.);
#107 = EDGE_LOOP('',(#108,#129,#130,#131));
#108 = ORIENTED_EDGE('',*,*,#109,.F.);
#109 = EDGE_CURVE('',#22,#110,#112,.T.);
#110 = VERTEX_POINT('',#111);
#111 = CARTESIAN_POINT('',(25.,0.,10.));
#112 = SEAM_CURVE('',#113,(#117,#123),.PCURVE_S1.);
#113 = LINE('',#114,#115);
#114 = CARTESIAN_POINT('',(25.5,0.,10.5));
#115 = VECTOR('',#116,1.);
#116 = DIRECTION('',(-0.707106781187,-0.,-0.707106781187));
#117 = PCURVE('',#94,#118);
#118 = DEFINITIONAL_REPRESENTATION('',(#119),#122);
#119 = B_SPLINE_CURVE_WITH_KNOTS('',1,(#120,#121),.UNSPECIFIED.,.F.,.F.,
  (2,2),(0.,0.707106781187),.PIECEWISE_BEZIER_KNOTS.);
#120 = CARTESIAN_POINT('',(0.,0.));
#121 = CARTESIAN_POINT('',(0.,-0.5));
#122 = ( GEOMETRIC_REPRESENTATION_CONTEXT(2) 
PARAMETRIC_REPRESENTATION_CONTEXT() REPRESENTATION_CONTEXT('2D SPACE',''
  ) );
#123 = PCURVE('',#94,#124);
#124 = DEFINITIONAL_REPRESENTATION('',(#125),#128);
#125 = B_SPLINE_CURVE_WITH_KNOTS('',1,(#126,#127),.UNSPECIFIED.,.F.,.F.,
  (2,2),(0.,0.707106781187),.PIECEWISE_BEZIER_KNOTS.);
#126 = CARTESIAN_POINT('',(6.28318530718,0.));
#127 = CARTESIAN_POINT('',(6.28318530718,-0.5));
#128 = ( GEOMETRIC_REPRESENTATION_CONTEXT(2) 
PARAMETRIC_REPRESENTATION_CONTEXT() REPRESENTATION_CONTEXT('2D SPACE',''
  ) );
#129 = ORIENTED_EDGE('',*,*,#79,.T.);
#130 = ORIENTED_EDGE('',*,*,#109,.T.);
#131 = ORIENTED_EDGE('',*,*,#132,.F.);
#132 = EDGE_CURVE('',#110,#110,#133,.T.);
#133 = SURFACE_CURVE('',#134,(#139,#146),.PCURVE_S1.);
#134 = CIRCLE('',#135,25.);
#135 = AXIS2_PLACEMENT_3D('',#136,#137,#138);
#136 = CARTESIAN_POINT('',(0.,0.,10.));
#137 = DIRECTION('',(0.,0.,1.));
#138 = DIRECTION('',(1.,0.,-0.));
#139 = PCURVE('',#94,#140);
#140 = DEFINITIONAL_REPRESENTATION('',(#141),#145);
#141 = LINE('',#142,#143);
#142 = CARTESIAN_POINT('',(0.,-0.5));
#143 = VECTOR('',#144,1.);
#144 = DIRECTION('',(1.,-0.));
#145 = ( GEOMETRIC_REPRESENTATION_CONTEXT(2) 
PARAMETRIC_REPRESENTATION_CONTEXT() REPRESENTATION_CONTEXT('2D SPACE',''
  ) );
#146 = PCURVE('',#147,#152);
#147 = PLANE('',#148);
#148 = AXIS2_PLACEMENT_3D('',#149,#150,#151);
#149 = CARTESIAN_POINT('',(0.,0.,10.));
#150 = DIRECTION('',(0.,0.,1.));
#151 = DIRECTION('',(1.,0.,0.));
#152 = DEFINITIONAL_REPRESENTATION('',(#153),#157);
#153 = CIRCLE('',#154,25.);
#154 = AXIS2_PLACEMENT_2D('',#155,#156);
#155 = CARTESIAN_POINT('',(0.,0.));
#156 = DIRECTION('',(1.,0.));
#157 = ( GEOMETRIC_REPRESENTATION_CONTEXT(2) 
PARAMETRIC_REPRESENTATION_CONTEXT() REPRESENTATION_CONTEXT('2D SPACE',''
  ) );
#158 = ADVANCED_FACE('',(#159),#66,.T.);
#159 = FACE_BOUND('',#160,.T.);
#160 = EDGE_LOOP('',(#161,#182,#183,#184));
#161 = ORIENTED_EDGE('',*,*,#162,.F.);
#162 = EDGE_CURVE('',#24,#163,#165,.T.);
#163 = VERTEX_POINT('',#164);
#164 = CARTESIAN_POINT('',(24.5,0.,14.));
#165 = SEAM_CURVE('',#166,(#170,#176),.PCURVE_S1.);
#166 = LINE('',#167,#168);
#167 = CARTESIAN_POINT('',(25.5,0.,13.));
#168 = VECTOR('',#169,1.);
#169 = DIRECTION('',(-0.707106781187,0.,0.707106781187));
#170 = PCURVE('',#66,#171);
#171 = DEFINITIONAL_REPRESENTATION('',(#172),#175);
#172 = B_SPLINE_CURVE_WITH_KNOTS('',1,(#173,#174),.UNSPECIFIED.,.F.,.F.,
  (2,2),(0.,1.414213562373),.PIECEWISE_BEZIER_KNOTS.);
#173 = CARTESIAN_POINT('',(0.,0.));
#174 = CARTESIAN_POINT('',(0.,-1.));
#175 = ( GEOMETRIC_REPRESENTATION_CONTEXT(2) 
PARAMETRIC_REPRESENTATION_CONTEXT() REPRESENTATION_CONTEXT('2D SPACE',''
  ) );
#176 = PCURVE('',#66,#177);
#177 = DEFINITIONAL_REPRESENTATION('',(#178),#181);
#178 = B_SPLINE_CURVE_WITH_KNOTS('',1,(#179,#180),.UNSPECIFIED.,.F.,.F.,
  (2,2),(0.,1.414213562373),.PIECEWISE_BEZIER_KNOTS.);
#179 = CARTESIAN_POINT('',(-6.28318530718,0.));
#180 = CARTESIAN_POINT('',(-6.28318530718,-1.));
#181 = ( GEOMETRIC_REPRESENTATION_CONTEXT(2) 
PARAMETRIC_REPRESENTATION_CONTEXT() REPRESENTATION_CONTEXT('2D SPACE',''
  ) );
#182 = ORIENTED_EDGE('',*,*,#51,.T.);
#183 = ORIENTED_EDGE('',*,*,#162,.T.);
#184 = ORIENTED_EDGE('',*,*,#185,.F.);
#185 = EDGE_CURVE('',#163,#163,#186,.T.);
#186 = SURFACE_CURVE('',#187,(#192,#199),.PCURVE_S1.);
#187 = CIRCLE('',#188,24.5);
#188 = AXIS2_PLACEMENT_3D('',#189,#190,#191);
#189 = CARTESIAN_POINT('',(0.,0.,14.));
#190 = DIRECTION('',(0.,0.,1.));
#191 = DIRECTION('',(1.,0.,-0.));
#192 = PCURVE('',#66,#193);
#193 = DEFINITIONAL_REPRESENTATION('',(#194),#198);
#194 = LINE('',#195,#196);
#195 = CARTESIAN_POINT('',(-0.,-1.));
#196 = VECTOR('',#197,1.);
#197 = DIRECTION('',(-1.,-0.));
#198 = ( GEOMETRIC_REPRESENTATION_CONTEXT(2) 
PARAMETRIC_REPRESENTATION_CONTEXT() REPRESENTATION_CONTEXT('2D SPACE',''
  ) );
#199 = PCURVE('',#200,#205);
#200 = PLANE('',#201);
#201 = AXIS2_PLACEMENT_3D('',#202,#203,#204);
#202 = CARTESIAN_POINT('',(0.,0.,14.));
#203 = DIRECTION('',(0.,0.,1.));
#204 = DIRECTION('',(1.,0.,0.));
#205 = DEFINITIONAL_REPRESENTATION('',(#206),#210);
#206 = CIRCLE('',#207,24.5);
#207 = AXIS2_PLACEMENT_2D('',#208,#209);
#208 = CARTESIAN_POINT('',(0.,0.));
#209 = DIRECTION('',(1.,0.));
#210 = ( GEOMETRIC_REPRESENTATION_CONTEXT(2) 
PARAMETRIC_REPRESENTATION_CONTEXT() REPRESENTATION_CONTEXT('2D SPACE',''
  ) );
#211 = ADVANCED_FACE('',(#212,#215),#147,.F.);
#212 = FACE_BOUND('',#213,.F.);
#213 = EDGE_LOOP('',(#214));
#214 = ORIENTED_EDGE('',*,*,#132,.T.);
#215 = FACE_BOUND('',#216,.F.);
#216 = EDGE_LOOP('',(#217));
#217 = ORIENTED_EDGE('',*,*,#218,.F.);
#218 = EDGE_CURVE('',#219,#219,#221,.T.);
#219 = VERTEX_POINT('',#220);
#220 = CARTESIAN_POINT('',(23.2,-5.682361148044E-15,10.));
#221 = SURFACE_CURVE('',#222,(#227,#234),.PCURVE_S1.);
#222 = CIRCLE('',#223,23.2);
#223 = AXIS2_PLACEMENT_3D('',#224,#225,#226);
#224 = CARTESIAN_POINT('',(0.,0.,10.));
#225 = DIRECTION('',(0.,0.,1.));
#226 = DIRECTION('',(1.,0.,0.));
#227 = PCURVE('',#147,#228);
#228 = DEFINITIONAL_REPRESENTATION('',(#229),#233);
#229 = CIRCLE('',#230,23.2);
#230 = AXIS2_PLACEMENT_2D('',#231,#232);
#231 = CARTESIAN_POINT('',(0.,0.));
#232 = DIRECTION('',(1.,0.));
#233 = ( GEOMETRIC_REPRESENTATION_CONTEXT(2) 
PARAMETRIC_REPRESENTATION_CONTEXT() REPRESENTATION_CONTEXT('2D SPACE',''
  ) );
#234 = PCURVE('',#235,#240);
#235 = CYLINDRICAL_SURFACE('',#236,23.2);
#236 = AXIS2_PLACEMENT_3D('',#237,#238,#239);
#237 = CARTESIAN_POINT('',(0.,0.,0.));
#238 = DIRECTION('',(0.,0.,1.));
#239 = DIRECTION('',(1.,0.,0.));
#240 = DEFINITIONAL_REPRESENTATION('',(#241),#245);
#241 = LINE('',#242,#243);
#242 = CARTESIAN_POINT('',(0.,10.));
#243 = VECTOR('',#244,1.);
#244 = DIRECTION('',(1.,0.));
#245 = ( GEOMETRIC_REPRESENTATION_CONTEXT(2) 
PARAMETRIC_REPRESENTATION_CONTEXT() REPRESENTATION_CONTEXT('2D SPACE',''
  ) );
#246 = ADVANCED_FACE('',(#247,#250),#200,.T.);
#247 = FACE_BOUND('',#248,.T.);
#248 = EDGE_LOOP('',(#249));
#249 = ORIENTED_EDGE('',*,*,#185,.T.);
#250 = FACE_BOUND('',#251,.T.);
#251 = EDGE_LOOP('',(#252));
#252 = ORIENTED_EDGE('',*,*,#253,.F.);
#253 = EDGE_CURVE('',#254,#254,#256,.T.);
#254 = VERTEX_POINT('',#255);
#255 = CARTESIAN_POINT('',(22.5,-5.510910596163E-15,14.));
#256 = SURFACE_CURVE('',#257,(#262,#269),.PCURVE_S1.);
#257 = CIRCLE('',#258,22.5);
#258 = AXIS2_PLACEMENT_3D('',#259,#260,#261);
#259 = CARTESIAN_POINT('',(0.,0.,14.));
#260 = DIRECTION('',(0.,0.,1.));
#261 = DIRECTION('',(1.,0.,0.));
#262 = PCURVE('',#200,#263);
#263 = DEFINITIONAL_REPRESENTATION('',(#264),#268);
#264 = CIRCLE('',#265,22.5);
#265 = AXIS2_PLACEMENT_2D('',#266,#267);
#266 = CARTESIAN_POINT('',(0.,0.));
#267 = DIRECTION('',(1.,0.));
#268 = ( GEOMETRIC_REPRESENTATION_CONTEXT(2) 
PARAMETRIC_REPRESENTATION_CONTEXT() REPRESENTATION_CONTEXT('2D SPACE',''
  ) );
#269 = PCURVE('',#270,#275);
#270 = CYLINDRICAL_SURFACE('',#271,22.5);
#271 = AXIS2_PLACEMENT_3D('',#272,#273,#274);
#272 = CARTESIAN_POINT('',(0.,0.,14.));
#273 = DIRECTION('',(0.,0.,1.));
#274 = DIRECTION('',(1.,0.,0.));
#275 = DEFINITIONAL_REPRESENTATION('',(#276),#280);
#276 = LINE('',#277,#278);
#277 = CARTESIAN_POINT('',(0.,0.));
#278 = VECTOR('',#279,1.);
#279 = DIRECTION('',(1.,0.));
#280 = ( GEOMETRIC_REPRESENTATION_CONTEXT(2) 
PARAMETRIC_REPRESENTATION_CONTEXT() REPRESENTATION_CONTEXT('2D SPACE',''
  ) );
#281 = ADVANCED_FACE('',(#282),#235,.T.);
#282 = FACE_BOUND('',#283,.T.);
#283 = EDGE_LOOP('',(#284,#307,#308,#309,#562,#851,#897,#1186,#1502,
    #1545,#1568,#1595,#1596,#1805,#1834,#2171));
#284 = ORIENTED_EDGE('',*,*,#285,.T.);
#285 = EDGE_CURVE('',#286,#219,#288,.T.);
#286 = VERTEX_POINT('',#287);
#287 = CARTESIAN_POINT('',(23.2,-5.682361148044E-15,5.460567163957));
#288 = SEAM_CURVE('',#289,(#293,#300),.PCURVE_S1.);
#289 = LINE('',#290,#291);
#290 = CARTESIAN_POINT('',(23.2,-5.682361148044E-15,0.));
#291 = VECTOR('',#292,1.);
#292 = DIRECTION('',(0.,0.,1.));
#293 = PCURVE('',#235,#294);
#294 = DEFINITIONAL_REPRESENTATION('',(#295),#299);
#295 = LINE('',#296,#297);
#296 = CARTESIAN_POINT('',(6.28318530718,-0.));
#297 = VECTOR('',#298,1.);
#298 = DIRECTION('',(0.,1.));
#299 = ( GEOMETRIC_REPRESENTATION_CONTEXT(2) 
PARAMETRIC_REPRESENTATION_CONTEXT() REPRESENTATION_CONTEXT('2D SPACE',''
  ) );
#300 = PCURVE('',#235,#301);
#301 = DEFINITIONAL_REPRESENTATION('',(#302),#306);
#302 = LINE('',#303,#304);
#303 = CARTESIAN_POINT('',(0.,-0.));
#304 = VECTOR('',#305,1.);
#305 = DIRECTION('',(0.,1.));
#306 = ( GEOMETRIC_REPRESENTATION_CONTEXT(2) 
PARAMETRIC_REPRESENTATION_CONTEXT() REPRESENTATION_CONTEXT('2D SPACE',''
  ) );
#307 = ORIENTED_EDGE('',*,*,#218,.F.);
#308 = ORIENTED_EDGE('',*,*,#285,.F.);
#309 = ORIENTED_EDGE('',*,*,#310,.T.);
#310 = EDGE_CURVE('',#286,#311,#313,.T.);
#311 = VERTEX_POINT('',#312);
#312 = CARTESIAN_POINT('',(-18.78868673167,-13.6097483775,8.459430682879
    ));
#313 = SURFACE_CURVE('',#314,(#387,#463),.PCURVE_S1.);
#314 = B_SPLINE_CURVE_WITH_KNOTS('',6,(#315,#316,#317,#318,#319,#320,
    #321,#322,#323,#324,#325,#326,#327,#328,#329,#330,#331,#332,#333,
    #334,#335,#336,#337,#338,#339,#340,#341,#342,#343,#344,#345,#346,
    #347,#348,#349,#350,#351,#352,#353,#354,#355,#356,#357,#358,#359,
    #360,#361,#362,#363,#364,#365,#366,#367,#368,#369,#370,#371,#372,
    #373,#374,#375,#376,#377,#378,#379,#380,#381,#382,#383,#384,#385,
    #386),.UNSPECIFIED.,.F.,.F.,(7,5,5,5,5,5,5,5,5,5,5,5,5,5,7),(0.,
    3.133028768238E-02,0.137015815597,0.23503276935,0.310815579384,
    0.370426822565,0.452567499071,0.499076481291,0.548986978746,
    0.631923006791,0.691206880494,0.766702923309,0.866342766314,
    0.970782599587,1.),.UNSPECIFIED.);
#315 = CARTESIAN_POINT('',(23.2,0.,5.460567163957));
#316 = CARTESIAN_POINT('',(23.2,0.456526038852,5.476197479631));
#317 = CARTESIAN_POINT('',(23.189219855416,0.91305168675,5.4918372504));
#318 = CARTESIAN_POINT('',(23.167659628937,1.369258397356,5.507484306024
    ));
#319 = CARTESIAN_POINT('',(23.135331873697,1.824828343952,5.523136844607
    ));
#320 = CARTESIAN_POINT('',(23.092261633275,2.279444419443,5.538793432604
    ));
#321 = CARTESIAN_POINT('',(22.857088186797,4.262048201486,5.607276974174
    ));
#322 = CARTESIAN_POINT('',(22.553867294199,5.776948982422,5.660138003743
    ));
#323 = CARTESIAN_POINT('',(22.130260161373,7.265155512871,5.71298657502)
  );
#324 = CARTESIAN_POINT('',(21.589378167837,8.714862676511,5.765822527845
    ));
#325 = CARTESIAN_POINT('',(20.935711708225,10.114717552475,
    5.818653036046));
#326 = CARTESIAN_POINT('',(19.470291480965,12.69596837335,5.920464460546
    ));
#327 = CARTESIAN_POINT('',(18.673377725257,13.885973137244,
    5.969451526896));
#328 = CARTESIAN_POINT('',(17.789542736114,15.015337143743,
    6.018434820983));
#329 = CARTESIAN_POINT('',(16.824642344232,16.076277380777,
    6.067420238752));
#330 = CARTESIAN_POINT('',(15.785365558128,17.061714377728,
    6.116410217267));
#331 = CARTESIAN_POINT('',(13.824275376449,18.664104402395,6.20327591217
    ));
#332 = CARTESIAN_POINT('',(12.929249593723,19.313973586734,
    6.241153885516));
#333 = CARTESIAN_POINT('',(11.997817741066,19.912136163404,
    6.279031708787));
#334 = CARTESIAN_POINT('',(11.033727646829,20.456097491137,
    6.316909520326));
#335 = CARTESIAN_POINT('',(10.040936092781,20.943709925052,6.35478772725
    ));
#336 = CARTESIAN_POINT('',(8.223409680769,21.711057690095,6.422459409947
    ));
#337 = CARTESIAN_POINT('',(7.408005506866,22.012954612884,6.452253698229
    ));
#338 = CARTESIAN_POINT('',(6.579447509857,22.27804422362,6.482047790811)
  );
#339 = CARTESIAN_POINT('',(5.739812664723,22.505627460912,6.511841712711
    ));
#340 = CARTESIAN_POINT('',(4.89122442047,22.695162849421,6.541635534767)
  );
#341 = CARTESIAN_POINT('',(2.857202364679,23.054478162758,6.612483475997
    ));
#342 = CARTESIAN_POINT('',(1.665635283968,23.189725927621,6.653538623931
    ));
#343 = CARTESIAN_POINT('',(0.466855601715,23.250995880507,6.694593037267
    ));
#344 = CARTESIAN_POINT('',(-0.733417307623,23.23789638406,6.735647971802
    ));
#345 = CARTESIAN_POINT('',(-1.92945302007,23.150589186865,6.776703716219
    ));
#346 = CARTESIAN_POINT('',(-3.7870709613,22.898850806968,6.841003520543)
  );
#347 = CARTESIAN_POINT('',(-4.455442263909,22.784302477771,
    6.864248882078));
#348 = CARTESIAN_POINT('',(-5.119590167343,22.646353806751,
    6.887494003933));
#349 = CARTESIAN_POINT('',(-5.778493123818,22.485204530433,
    6.910738975876));
#350 = CARTESIAN_POINT('',(-6.43114308944,22.301113727913,6.933984134512
    ));
#351 = CARTESIAN_POINT('',(-7.769150587563,21.872567532997,
    6.982176123459));
#352 = CARTESIAN_POINT('',(-8.453413053415,21.624680711108,
    7.007123211662));
#353 = CARTESIAN_POINT('',(-9.128103261844,21.351133408493,
    7.032070347054));
#354 = CARTESIAN_POINT('',(-9.792023254626,21.052393894108,
    7.057016959409));
#355 = CARTESIAN_POINT('',(-10.44400677522,20.729004652566,
    7.081962889114));
#356 = CARTESIAN_POINT('',(-12.14459701571,19.804272510112,
    7.148360198562));
#357 = CARTESIAN_POINT('',(-13.17021327151,19.160585586178,
    7.189811690575));
#358 = CARTESIAN_POINT('',(-14.15452480615,18.453365268213,
    7.231261203923));
#359 = CARTESIAN_POINT('',(-15.09268013643,17.685970814658,
    7.272711270049));
#360 = CARTESIAN_POINT('',(-15.98017752827,16.862217308658,
    7.314163230394));
#361 = CARTESIAN_POINT('',(-17.40816207392,15.360407628714,
    7.385245137308));
#362 = CARTESIAN_POINT('',(-17.97544418194,14.707782554841,
    7.414875806377));
#363 = CARTESIAN_POINT('',(-18.51326484977,14.03012770883,7.444506761209
    ));
#364 = CARTESIAN_POINT('',(-19.02025903235,13.329111282051,
    7.474137851279));
#365 = CARTESIAN_POINT('',(-19.49518977327,12.606498521584,
    7.503768912016));
#366 = CARTESIAN_POINT('',(-20.49951288524,10.918797763901,
    7.571133671032));
#367 = CARTESIAN_POINT('',(-21.00829544067,9.941418205633,7.608867979558
    ));
#368 = CARTESIAN_POINT('',(-21.46099599488,8.935870536702,7.646601184173
    ));
#369 = CARTESIAN_POINT('',(-21.85572102476,7.906183147842,7.684333993671
    ));
#370 = CARTESIAN_POINT('',(-22.19094548447,6.856537884183,7.722067503351
    ));
#371 = CARTESIAN_POINT('',(-22.82797807706,4.385360974388,7.809601058817
    ));
#372 = CARTESIAN_POINT('',(-23.08484039508,2.952151517703,7.859404354131
    ));
#373 = CARTESIAN_POINT('',(-23.23352616756,1.501713793085,7.909205975717
    ));
#374 = CARTESIAN_POINT('',(-23.27279741513,4.420411570048E-02,
    7.959009572001));
#375 = CARTESIAN_POINT('',(-23.20257443986,-1.410146523613,
    8.008815736129));
#376 = CARTESIAN_POINT('',(-22.83713716099,-4.361321888796,
    8.110816127059));
#377 = CARTESIAN_POINT('',(-22.53122665304,-5.856983666255,
    8.163015526632));
#378 = CARTESIAN_POINT('',(-22.10786906349,-7.326116817249,
    8.215204760097));
#379 = CARTESIAN_POINT('',(-21.57010568165,-8.757338776502,
    8.267384352289));
#380 = CARTESIAN_POINT('',(-20.9222940476,-10.13970286755,8.319558797534
    ));
#381 = CARTESIAN_POINT('',(-19.96002880529,-11.83294138785,
    8.386361767849));
#382 = CARTESIAN_POINT('',(-19.74152724075,-12.19845042975,
    8.400967108525));
#383 = CARTESIAN_POINT('',(-19.51500254724,-12.55910268623,
    8.415575469603));
#384 = CARTESIAN_POINT('',(-19.28059044862,-12.91467853805,
    8.430187909465));
#385 = CARTESIAN_POINT('',(-19.03843462879,-13.26496353132,
    8.444805771255));
#386 = CARTESIAN_POINT('',(-18.78868673167,-13.6097483775,8.45943068288)
  );
#387 = PCURVE('',#235,#388);
#388 = DEFINITIONAL_REPRESENTATION('',(#389),#462);
#389 = B_SPLINE_CURVE_WITH_KNOTS('',6,(#390,#391,#392,#393,#394,#395,
    #396,#397,#398,#399,#400,#401,#402,#403,#404,#405,#406,#407,#408,
    #409,#410,#411,#412,#413,#414,#415,#416,#417,#418,#419,#420,#421,
    #422,#423,#424,#425,#426,#427,#428,#429,#430,#431,#432,#433,#434,
    #435,#436,#437,#438,#439,#440,#441,#442,#443,#444,#445,#446,#447,
    #448,#449,#450,#451,#452,#453,#454,#455,#456,#457,#458,#459,#460,
    #461),.UNSPECIFIED.,.F.,.F.,(7,5,5,5,5,5,5,5,5,5,5,5,5,5,7),(0.,
    3.133028768238E-02,0.137015815597,0.23503276935,0.310815579384,
    0.370426822565,0.452567499071,0.499076481291,0.548986978746,
    0.631923006791,0.691206880494,0.766702923309,0.866342766314,
    0.970782599587,1.),.UNSPECIFIED.);
#390 = CARTESIAN_POINT('',(0.,5.460567163957));
#391 = CARTESIAN_POINT('',(1.967784650223E-02,5.476197479631));
#392 = CARTESIAN_POINT('',(3.935566979755E-02,5.4918372504));
#393 = CARTESIAN_POINT('',(5.903347380237E-02,5.507484306024));
#394 = CARTESIAN_POINT('',(7.871126151311E-02,5.523136844607));
#395 = CARTESIAN_POINT('',(9.838903500619E-02,5.538793432604));
#396 = CARTESIAN_POINT('',(0.184445199636,5.607276974174));
#397 = CARTESIAN_POINT('',(0.250827555776,5.660138003743));
#398 = CARTESIAN_POINT('',(0.317205214762,5.71298657502));
#399 = CARTESIAN_POINT('',(0.383582905391,5.765822527845));
#400 = CARTESIAN_POINT('',(0.449965348593,5.818653036046));
#401 = CARTESIAN_POINT('',(0.577905737131,5.920464460546));
#402 = CARTESIAN_POINT('',(0.639470513749,5.969451526896));
#403 = CARTESIAN_POINT('',(0.701032040267,6.018434820983));
#404 = CARTESIAN_POINT('',(0.762593561171,6.067420238752));
#405 = CARTESIAN_POINT('',(0.824158329353,6.116410217267));
#406 = CARTESIAN_POINT('',(0.933317575887,6.20327591217));
#407 = CARTESIAN_POINT('',(0.980915628764,6.241153885516));
#408 = CARTESIAN_POINT('',(1.028512774732,6.279031708787));
#409 = CARTESIAN_POINT('',(1.076109918311,6.316909520326));
#410 = CARTESIAN_POINT('',(1.123707968173,6.35478772725));
#411 = CARTESIAN_POINT('',(1.208745564458,6.422459409947));
#412 = CARTESIAN_POINT('',(1.246185972409,6.452253698229));
#413 = CARTESIAN_POINT('',(1.283626421714,6.482047790811));
#414 = CARTESIAN_POINT('',(1.321066869689,6.511841712711));
#415 = CARTESIAN_POINT('',(1.358507276433,6.541635534767));
#416 = CARTESIAN_POINT('',(1.447538105859,6.612483475997));
#417 = CARTESIAN_POINT('',(1.49912976665,6.653538623931));
#418 = CARTESIAN_POINT('',(1.550720073731,6.694593037267));
#419 = CARTESIAN_POINT('',(1.602310379409,6.735647971802));
#420 = CARTESIAN_POINT('',(1.653902038523,6.776703716219));
#421 = CARTESIAN_POINT('',(1.734703664565,6.841003520543));
#422 = CARTESIAN_POINT('',(1.763914822212,6.864248882078));
#423 = CARTESIAN_POINT('',(1.793125992572,6.887494003933));
#424 = CARTESIAN_POINT('',(1.822337160441,6.910738975876));
#425 = CARTESIAN_POINT('',(1.851548314353,6.933984134512));
#426 = CARTESIAN_POINT('',(1.912106985734,6.982176123459));
#427 = CARTESIAN_POINT('',(1.943454555021,7.007123211662));
#428 = CARTESIAN_POINT('',(1.974802140654,7.032070347054));
#429 = CARTESIAN_POINT('',(2.006149727769,7.057016959409));
#430 = CARTESIAN_POINT('',(2.037497300431,7.081962889114));
#431 = CARTESIAN_POINT('',(2.120934896612,7.148360198562));
#432 = CARTESIAN_POINT('',(2.17302617289,7.189811690575));
#433 = CARTESIAN_POINT('',(2.225116032162,7.231261203923));
#434 = CARTESIAN_POINT('',(2.277205889645,7.272711270049));
#435 = CARTESIAN_POINT('',(2.329297164112,7.314163230394));
#436 = CARTESIAN_POINT('',(2.418621946777,7.385245137308));
#437 = CARTESIAN_POINT('',(2.455856751377,7.414875806377));
#438 = CARTESIAN_POINT('',(2.493091594441,7.444506761209));
#439 = CARTESIAN_POINT('',(2.530326436777,7.474137851279));
#440 = CARTESIAN_POINT('',(2.567561239712,7.503768912016));
#441 = CARTESIAN_POINT('',(2.652213150343,7.571133671032));
#442 = CARTESIAN_POINT('',(2.699631099673,7.608867979558));
#443 = CARTESIAN_POINT('',(2.747048161115,7.646601184173));
#444 = CARTESIAN_POINT('',(2.794465223732,7.684333993671));
#445 = CARTESIAN_POINT('',(2.841883175561,7.722067503351));
#446 = CARTESIAN_POINT('',(2.951881671014,7.809601058817));
#447 = CARTESIAN_POINT('',(3.014466002059,7.859404354131));
#448 = CARTESIAN_POINT('',(3.077046801137,7.909205975717));
#449 = CARTESIAN_POINT('',(3.13962759515,7.959009572001));
#450 = CARTESIAN_POINT('',(3.20221191807,8.008815736129));
#451 = CARTESIAN_POINT('',(3.330389285423,8.110816127059));
#452 = CARTESIAN_POINT('',(3.395989178153,8.163015526632));
#453 = CARTESIAN_POINT('',(3.461584634942,8.215204760097));
#454 = CARTESIAN_POINT('',(3.527180115605,8.267384352289));
#455 = CARTESIAN_POINT('',(3.592780079162,8.319558797534));
#456 = CARTESIAN_POINT('',(3.676726864706,8.386361767849));
#457 = CARTESIAN_POINT('',(3.695077588284,8.400967108525));
#458 = CARTESIAN_POINT('',(3.713428304732,8.415575469603));
#459 = CARTESIAN_POINT('',(3.731779007616,8.430187909465));
#460 = CARTESIAN_POINT('',(3.750129691977,8.444805771255));
#461 = CARTESIAN_POINT('',(3.768480354326,8.45943068288));
#462 = ( GEOMETRIC_REPRESENTATION_CONTEXT(2) 
PARAMETRIC_REPRESENTATION_CONTEXT() REPRESENTATION_CONTEXT('2D SPACE',''
  ) );
#463 = PCURVE('',#464,#487);
#464 = ( BOUNDED_SURFACE() B_SPLINE_SURFACE(1,6,(
    (#465,#466,#467,#468,#469,#470,#471,#472,#473,#474,#475)
    ,(#476,#477,#478,#479,#480,#481,#482,#483,#484,#485,#486
)),.UNSPECIFIED.,.F.,.F.,.F.) B_SPLINE_SURFACE_WITH_KNOTS((2,2),(7,4,7),
(2.,3.),(0.,0.5,1.),.UNSPECIFIED.) GEOMETRIC_REPRESENTATION_ITEM() 
RATIONAL_B_SPLINE_SURFACE((
    (1.,1.,1.,1.,1.,1.,1.,1.,1.,1.,1.)
,(1.,1.,1.,1.,1.,1.,1.,1.,1.,1.,1.
  ))) REPRESENTATION_ITEM('') SURFACE() );
#465 = CARTESIAN_POINT('',(23.000000000509,-3.457821035239E-02,
    5.499401994879));
#466 = CARTESIAN_POINT('',(23.008773330807,7.192447565073,5.749401995048
    ));
#467 = CARTESIAN_POINT('',(20.303702167507,14.416613071905,5.99940199596
    ));
#468 = CARTESIAN_POINT('',(14.848271736589,20.37979449158,6.24940199922)
  );
#469 = CARTESIAN_POINT('',(7.513610495858,23.738569459346,6.499402002715
    ));
#470 = CARTESIAN_POINT('',(-7.912183802434,24.476344837344,
    6.999402010591));
#471 = CARTESIAN_POINT('',(-19.98726304047,14.848681380536,
    7.499402016763));
#472 = CARTESIAN_POINT('',(-23.96800562869,7.832107198758,7.749402018555
    ));
#473 = CARTESIAN_POINT('',(-24.90061472962,-0.196061589675,
    7.999402019512));
#474 = CARTESIAN_POINT('',(-22.86516856006,-7.636688993387,
    8.249402018018));
#475 = CARTESIAN_POINT('',(-18.62771543045,-13.49108644363,
    8.499402016036));
#476 = CARTESIAN_POINT('',(24.250000000381,-2.593365774249E-02,
    5.249551495524));
#477 = CARTESIAN_POINT('',(24.255943370306,7.593864300481,5.499551495694
    ));
#478 = CARTESIAN_POINT('',(21.400553871375,15.209404808203,
    5.749551496683));
#479 = CARTESIAN_POINT('',(15.645907923895,21.494171909417,
    5.999551500095));
#480 = CARTESIAN_POINT('',(7.911092007456,25.032130669124,6.249551503793
    ));
#481 = CARTESIAN_POINT('',(-8.353387638422,25.802943868579,
    6.749551512095));
#482 = CARTESIAN_POINT('',(-21.08030768484,15.646519435102,
    7.249551518599));
#483 = CARTESIAN_POINT('',(-25.27418176857,8.246793114624,7.499551520499
    ));
#484 = CARTESIAN_POINT('',(-26.25380216985,-0.218110391444,7.74955152148
    ));
#485 = CARTESIAN_POINT('',(-24.10433082632,-8.062183272304,
    7.999551519928));
#486 = CARTESIAN_POINT('',(-19.63390553301,-14.23281159897,
    8.249551517828));
#487 = DEFINITIONAL_REPRESENTATION('',(#488),#561);
#488 = B_SPLINE_CURVE_WITH_KNOTS('',6,(#489,#490,#491,#492,#493,#494,
    #495,#496,#497,#498,#499,#500,#501,#502,#503,#504,#505,#506,#507,
    #508,#509,#510,#511,#512,#513,#514,#515,#516,#517,#518,#519,#520,
    #521,#522,#523,#524,#525,#526,#527,#528,#529,#530,#531,#532,#533,
    #534,#535,#536,#537,#538,#539,#540,#541,#542,#543,#544,#545,#546,
    #547,#548,#549,#550,#551,#552,#553,#554,#555,#556,#557,#558,#559,
    #560),.UNSPECIFIED.,.F.,.F.,(7,5,5,5,5,5,5,5,5,5,5,5,5,5,7),(0.,
    3.133028768238E-02,0.137015815597,0.23503276935,0.310815579384,
    0.370426822565,0.452567499071,0.499076481291,0.548986978746,
    0.631923006791,0.691206880494,0.766702923309,0.866342766314,
    0.970782599587,1.),.UNSPECIFIED.);
#489 = CARTESIAN_POINT('',(2.159988609578,3.794676903926E-04));
#490 = CARTESIAN_POINT('',(2.160092184249,5.5981989725E-03));
#491 = CARTESIAN_POINT('',(2.160160793128,1.081716987865E-02));
#492 = CARTESIAN_POINT('',(2.160202750526,1.603634943965E-02));
#493 = CARTESIAN_POINT('',(2.160224899931,2.125570697369E-02));
#494 = CARTESIAN_POINT('',(2.160232614004,2.647521208627E-02));
#495 = CARTESIAN_POINT('',(2.160220283916,4.930203234097E-02));
#496 = CARTESIAN_POINT('',(2.160091645706,6.691166204167E-02));
#497 = CARTESIAN_POINT('',(2.160000895506,8.45202944051E-02));
#498 = CARTESIAN_POINT('',(2.15995496273,0.10212845315));
#499 = CARTESIAN_POINT('',(2.159940140182,0.119737387969));
#500 = CARTESIAN_POINT('',(2.159943117796,0.15367477721));
#501 = CARTESIAN_POINT('',(2.159958706045,0.170005097436));
#502 = CARTESIAN_POINT('',(2.159976503033,0.186334344178));
#503 = CARTESIAN_POINT('',(2.159986249125,0.202663628292));
#504 = CARTESIAN_POINT('',(2.159989948534,0.218993929053));
#505 = CARTESIAN_POINT('',(2.159989791765,0.247949147297));
#506 = CARTESIAN_POINT('',(2.159987491789,0.26057494671));
#507 = CARTESIAN_POINT('',(2.159984147181,0.273200609091));
#508 = CARTESIAN_POINT('',(2.159981668076,0.285826339638));
#509 = CARTESIAN_POINT('',(2.159980625065,0.298452321578));
#510 = CARTESIAN_POINT('',(2.159980734934,0.321009557986));
#511 = CARTESIAN_POINT('',(2.159981536074,0.330941053997));
#512 = CARTESIAN_POINT('',(2.159982736947,0.340872518064));
#513 = CARTESIAN_POINT('',(2.159983944395,0.350803925783));
#514 = CARTESIAN_POINT('',(2.159984725135,0.360735264681));
#515 = CARTESIAN_POINT('',(2.159984441273,0.384351221107));
#516 = CARTESIAN_POINT('',(2.159982693989,0.398036124697));
#517 = CARTESIAN_POINT('',(2.159978817423,0.411720606086));
#518 = CARTESIAN_POINT('',(2.159972999841,0.425405099553));
#519 = CARTESIAN_POINT('',(2.15996961776,0.439090065818));
#520 = CARTESIAN_POINT('',(2.159969837518,0.460523351913));
#521 = CARTESIAN_POINT('',(2.159970875981,0.468271892132));
#522 = CARTESIAN_POINT('',(2.159973529024,0.476020486925));
#523 = CARTESIAN_POINT('',(2.159977336077,0.483769127859));
#524 = CARTESIAN_POINT('',(2.159980720436,0.491517795821));
#525 = CARTESIAN_POINT('',(2.159981277758,0.507581838324));
#526 = CARTESIAN_POINT('',(2.159977568513,0.515897225357));
#527 = CARTESIAN_POINT('',(2.159973305517,0.524212582002));
#528 = CARTESIAN_POINT('',(2.159970474996,0.532527883605));
#529 = CARTESIAN_POINT('',(2.159969605417,0.540843120975));
#530 = CARTESIAN_POINT('',(2.159970036811,0.562975593096));
#531 = CARTESIAN_POINT('',(2.159973791225,0.576793069608));
#532 = CARTESIAN_POINT('',(2.159979650275,0.590610061853));
#533 = CARTESIAN_POINT('',(2.159983273899,0.604427052192));
#534 = CARTESIAN_POINT('',(2.159984703116,0.618244491188));
#535 = CARTESIAN_POINT('',(2.159984550288,0.64193844719));
#536 = CARTESIAN_POINT('',(2.159983647716,0.651815261615));
#537 = CARTESIAN_POINT('',(2.159982410294,0.661692143412));
#538 = CARTESIAN_POINT('',(2.15998127296,0.671569078628));
#539 = CARTESIAN_POINT('',(2.159980601584,0.681446042879));
#540 = CARTESIAN_POINT('',(2.159980809319,0.703900979682));
#541 = CARTESIAN_POINT('',(2.159982056909,0.716479186341));
#542 = CARTESIAN_POINT('',(2.159984682136,0.729057139773));
#543 = CARTESIAN_POINT('',(2.159988004911,0.741635019604));
#544 = CARTESIAN_POINT('',(2.159990098143,0.754213030438));
#545 = CARTESIAN_POINT('',(2.159989514368,0.783390833532));
#546 = CARTESIAN_POINT('',(2.159985035838,0.799991558937));
#547 = CARTESIAN_POINT('',(2.159974197933,0.816591196821));
#548 = CARTESIAN_POINT('',(2.15995523823,0.833190816546));
#549 = CARTESIAN_POINT('',(2.159940230917,0.849791621406));
#550 = CARTESIAN_POINT('',(2.159943197777,0.883791998873));
#551 = CARTESIAN_POINT('',(2.15996270939,0.90119342378));
#552 = CARTESIAN_POINT('',(2.160014313789,0.918594132806));
#553 = CARTESIAN_POINT('',(2.16010953474,0.935995260632));
#554 = CARTESIAN_POINT('',(2.160235473841,0.953397231142));
#555 = CARTESIAN_POINT('',(2.160228604447,0.975664315966));
#556 = CARTESIAN_POINT('',(2.160216780985,0.980531778194));
#557 = CARTESIAN_POINT('',(2.160191223386,0.985399103398));
#558 = CARTESIAN_POINT('',(2.160147384652,0.99026626568));
#559 = CARTESIAN_POINT('',(2.160079583111,0.995133239565));
#560 = CARTESIAN_POINT('',(2.159981002411,1.));
#561 = ( GEOMETRIC_REPRESENTATION_CONTEXT(2) 
PARAMETRIC_REPRESENTATION_CONTEXT() REPRESENTATION_CONTEXT('2D SPACE',''
  ) );
#562 = ORIENTED_EDGE('',*,*,#563,.T.);
#563 = EDGE_CURVE('',#311,#564,#566,.T.);
#564 = VERTEX_POINT('',#565);
#565 = CARTESIAN_POINT('',(11.300608019909,-20.26169436104,
    8.774928772774));
#566 = SURFACE_CURVE('',#567,(#654,#744),.PCURVE_S1.);
#567 = B_SPLINE_CURVE_WITH_KNOTS('',7,(#568,#569,#570,#571,#572,#573,
    #574,#575,#576,#577,#578,#579,#580,#581,#582,#583,#584,#585,#586,
    #587,#588,#589,#590,#591,#592,#593,#594,#595,#596,#597,#598,#599,
    #600,#601,#602,#603,#604,#605,#606,#607,#608,#609,#610,#611,#612,
    #613,#614,#615,#616,#617,#618,#619,#620,#621,#622,#623,#624,#625,
    #626,#627,#628,#629,#630,#631,#632,#633,#634,#635,#636,#637,#638,
    #639,#640,#641,#642,#643,#644,#645,#646,#647,#648,#649,#650,#651,
    #652,#653),.UNSPECIFIED.,.F.,.F.,(8,6,6,6,6,6,6,6,6,6,6,6,6,6,8),(0.
    ,0.39742466769,0.468704278189,0.534632502469,0.596277532804,
    0.653628564326,0.706675794107,0.755602320174,0.800083037508,
    0.840840476027,0.878038447714,0.912214809649,0.943262499925,
    0.972221147507,1.),.UNSPECIFIED.);
#568 = CARTESIAN_POINT('',(-18.78868673167,-13.6097483775,8.459430682877
    ));
#569 = CARTESIAN_POINT('',(-17.66540968781,-15.16046775193,
    8.477356605106));
#570 = CARTESIAN_POINT('',(-16.3925620129,-16.60337090048,8.49528451951)
  );
#571 = CARTESIAN_POINT('',(-14.98298188139,-17.92049609219,
    8.513210402297));
#572 = CARTESIAN_POINT('',(-13.45177832905,-19.09668889866,
    8.531135447714));
#573 = CARTESIAN_POINT('',(-11.81577552203,-20.11902853034,
    8.549061409712));
#574 = CARTESIAN_POINT('',(-10.09351527324,-20.97682580579,
    8.566990372644));
#575 = CARTESIAN_POINT('',(-7.985017033126,-21.7852573721,8.588129921643
    ));
#576 = CARTESIAN_POINT('',(-7.662238296177,-21.90266417774,
    8.591344773797));
#577 = CARTESIAN_POINT('',(-7.337452000747,-22.01448910053,
    8.594559617598));
#578 = CARTESIAN_POINT('',(-7.010774122018,-22.12069114476,
    8.597774452785));
#579 = CARTESIAN_POINT('',(-6.682321633009,-22.22123234953,8.60098927896
    ));
#580 = CARTESIAN_POINT('',(-6.352212504577,-22.31607778878,
    8.604204095584));
#581 = CARTESIAN_POINT('',(-5.713817612884,-22.48762274938,
    8.610392353648));
#582 = CARTESIAN_POINT('',(-5.405753949041,-22.56515004089,
    8.613365796884));
#583 = CARTESIAN_POINT('',(-5.096468832864,-22.63775221933,
    8.616339231144));
#584 = CARTESIAN_POINT('',(-4.78605689802,-22.70540634455,8.619312655597
    ));
#585 = CARTESIAN_POINT('',(-4.474613292861,-22.76809176278,
    8.622286069121));
#586 = CARTESIAN_POINT('',(-4.162233680426,-22.82579010661,
    8.625259470306));
#587 = CARTESIAN_POINT('',(-3.556143890215,-22.92775700705,
    8.631013070975));
#588 = CARTESIAN_POINT('',(-3.262539209737,-22.97265454918,
    8.633793272435));
#589 = CARTESIAN_POINT('',(-2.968278809192,-23.01316477848,
    8.636573460452));
#590 = CARTESIAN_POINT('',(-2.673441544536,-23.04927633475,
    8.639353633282));
#591 = CARTESIAN_POINT('',(-2.378106515494,-23.08097964052,
    8.642133788818));
#592 = CARTESIAN_POINT('',(-2.082353065564,-23.108266901,8.644913924588)
  );
#593 = CARTESIAN_POINT('',(-1.510793355116,-23.15240458915,
    8.650280496987));
#594 = CARTESIAN_POINT('',(-1.23503260218,-23.16984962299,8.652866936763
    ));
#595 = CARTESIAN_POINT('',(-0.959042599379,-23.18346236466,8.65545335484
    ));
#596 = CARTESIAN_POINT('',(-0.682887510441,-23.19323932971,
    8.658039748525));
#597 = CARTESIAN_POINT('',(-0.406631586648,-23.19917839024,
    8.660626114677));
#598 = CARTESIAN_POINT('',(-0.130339166839,-23.20127877487,8.66321244971
    ));
#599 = CARTESIAN_POINT('',(0.401458056053,-23.19793376554,8.668190965386
    ));
#600 = CARTESIAN_POINT('',(0.65696692159,-23.19304280907,8.670583151099)
  );
#601 = CARTESIAN_POINT('',(0.912400947829,-23.18486865991,8.672975303606
    ));
#602 = CARTESIAN_POINT('',(1.167709147577,-23.17341279017,8.675367419173
    ));
#603 = CARTESIAN_POINT('',(1.422840517816,-23.15867768349,8.677759493448
    ));
#604 = CARTESIAN_POINT('',(1.677744039713,-23.14066683505,8.680151521462
    ));
#605 = CARTESIAN_POINT('',(2.167214100017,-23.09975585823,8.68474966532)
  );
#606 = CARTESIAN_POINT('',(2.401822288406,-23.0773442184,8.686955788759)
  );
#607 = CARTESIAN_POINT('',(2.636153216902,-23.05215336227,8.689161863692
    ));
#608 = CARTESIAN_POINT('',(2.870166853397,-23.02418757799,8.691367884929
    ));
#609 = CARTESIAN_POINT('',(3.103823160549,-22.9934519117,8.693573846346)
  );
#610 = CARTESIAN_POINT('',(3.337082095784,-22.95995216748,8.695779740884
    ));
#611 = CARTESIAN_POINT('',(3.781569324218,-22.89073223725,8.699990943911
    ));
#612 = CARTESIAN_POINT('',(3.99287348488,-22.85549043303,8.70199626509)
  );
#613 = CARTESIAN_POINT('',(4.203786020207,-22.81797441613,8.704001518274
    ));
#614 = CARTESIAN_POINT('',(4.41427682046,-22.77818966616,8.706006696275)
  );
#615 = CARTESIAN_POINT('',(4.624315739235,-22.73614222092,8.708011790532
    ));
#616 = CARTESIAN_POINT('',(4.833872593466,-22.69183867642,8.710016791105
    ));
#617 = CARTESIAN_POINT('',(5.234463561907,-22.60263039467,8.713858761559
    ));
#618 = CARTESIAN_POINT('',(5.425579815973,-22.55808641173,8.715695747904
    ));
#619 = CARTESIAN_POINT('',(5.61624268958,-22.51165975695,8.717532636976)
  );
#620 = CARTESIAN_POINT('',(5.806428859471,-22.46335637108,8.719369418321
    ));
#621 = CARTESIAN_POINT('',(5.996114904629,-22.4131826419,8.721206079515)
  );
#622 = CARTESIAN_POINT('',(6.185277295735,-22.36114542948,8.723042605907
    ));
#623 = CARTESIAN_POINT('',(6.546035163751,-22.25806541683,8.726554978836
    ));
#624 = CARTESIAN_POINT('',(6.717722004019,-22.20733267794,8.728230850195
    ));
#625 = CARTESIAN_POINT('',(6.888934955513,-22.15505946469,8.729906581656
    ));
#626 = CARTESIAN_POINT('',(7.059655884576,-22.10125173826,8.731582157741
    ));
#627 = CARTESIAN_POINT('',(7.229866459004,-22.04591586731,8.733257559949
    ));
#628 = CARTESIAN_POINT('',(7.399548133229,-21.98905866416,8.734932766436
    ));
#629 = CARTESIAN_POINT('',(7.724077294776,-21.87705770315,8.738146677044
    ));
#630 = CARTESIAN_POINT('',(7.879010046039,-21.82214996107,8.739685414681
    ));
#631 = CARTESIAN_POINT('',(8.033465872655,-21.76596984133,8.741223945219
    ));
#632 = CARTESIAN_POINT('',(8.187429923814,-21.70852338775,8.742762244972
    ));
#633 = CARTESIAN_POINT('',(8.340886990422,-21.64981709611,8.744300285479
    ));
#634 = CARTESIAN_POINT('',(8.493821482995,-21.58985796877,8.74583803304)
  );
#635 = CARTESIAN_POINT('',(8.784662266137,-21.47305212049,8.748772120942
    ));
#636 = CARTESIAN_POINT('',(8.922662493768,-21.41642302235,8.750168517781
    ));
#637 = CARTESIAN_POINT('',(9.060206171425,-21.35877192717,8.751564609874
    ));
#638 = CARTESIAN_POINT('',(9.197280829921,-21.30010497323,8.752960361707
    ));
#639 = CARTESIAN_POINT('',(9.333873420247,-21.24042886339,8.754355730498
    ));
#640 = CARTESIAN_POINT('',(9.469970281913,-21.17975094381,8.755750665539
    ));
#641 = CARTESIAN_POINT('',(9.732020985867,-21.06055719663,8.75844572456)
  );
#642 = CARTESIAN_POINT('',(9.858040884523,-21.00217071995,8.759745909888
    ));
#643 = CARTESIAN_POINT('',(9.98360533364,-20.94292635347,8.761045616696)
  );
#644 = CARTESIAN_POINT('',(10.108701891431,-20.88283135222,
    8.762344786769));
#645 = CARTESIAN_POINT('',(10.233317096016,-20.82189385602,
    8.763643349423));
#646 = CARTESIAN_POINT('',(10.357436413498,-20.76012302022,8.76494122041
    ));
#647 = CARTESIAN_POINT('',(10.599616093453,-20.63748538997,
    8.767482537321));
#648 = CARTESIAN_POINT('',(10.717716739409,-20.57668456853,
    8.768726040597));
#649 = CARTESIAN_POINT('',(10.835332609889,-20.5151356483,8.76996872643)
  );
#650 = CARTESIAN_POINT('',(10.95244824777,-20.45284904368,8.771210487913
    ));
#651 = CARTESIAN_POINT('',(11.069046156244,-20.38983687302,
    8.772451193355));
#652 = CARTESIAN_POINT('',(11.185106702252,-20.32611321434,
    8.773690684173));
#653 = CARTESIAN_POINT('',(11.300608019909,-20.26169436104,
    8.774928772774));
#654 = PCURVE('',#235,#655);
#655 = DEFINITIONAL_REPRESENTATION('',(#656),#743);
#656 = B_SPLINE_CURVE_WITH_KNOTS('',7,(#657,#658,#659,#660,#661,#662,
    #663,#664,#665,#666,#667,#668,#669,#670,#671,#672,#673,#674,#675,
    #676,#677,#678,#679,#680,#681,#682,#683,#684,#685,#686,#687,#688,
    #689,#690,#691,#692,#693,#694,#695,#696,#697,#698,#699,#700,#701,
    #702,#703,#704,#705,#706,#707,#708,#709,#710,#711,#712,#713,#714,
    #715,#716,#717,#718,#719,#720,#721,#722,#723,#724,#725,#726,#727,
    #728,#729,#730,#731,#732,#733,#734,#735,#736,#737,#738,#739,#740,
    #741,#742),.UNSPECIFIED.,.F.,.F.,(8,6,6,6,6,6,6,6,6,6,6,6,6,6,8),(0.
    ,0.39742466769,0.468704278189,0.534632502469,0.596277532804,
    0.653628564326,0.706675794107,0.755602320174,0.800083037508,
    0.840840476027,0.878038447714,0.912214809649,0.943262499925,
    0.972221147507,1.),.UNSPECIFIED.);
#657 = CARTESIAN_POINT('',(3.768480354326,8.459430682877));
#658 = CARTESIAN_POINT('',(3.85101509433,8.477356605106));
#659 = CARTESIAN_POINT('',(3.933568222231,8.49528451951));
#660 = CARTESIAN_POINT('',(4.016106378989,8.513210402297));
#661 = CARTESIAN_POINT('',(4.098638699862,8.531135447714));
#662 = CARTESIAN_POINT('',(4.18117629612,8.549061409712));
#663 = CARTESIAN_POINT('',(4.263728182829,8.566990372644));
#664 = CARTESIAN_POINT('',(4.361063045821,8.588129921643));
#665 = CARTESIAN_POINT('',(4.375865504229,8.591344773797));
#666 = CARTESIAN_POINT('',(4.390667925937,8.594559617598));
#667 = CARTESIAN_POINT('',(4.405470306793,8.597774452785));
#668 = CARTESIAN_POINT('',(4.420272642043,8.60098927896));
#669 = CARTESIAN_POINT('',(4.435074926332,8.604204095584));
#670 = CARTESIAN_POINT('',(4.463568089432,8.610392353648));
#671 = CARTESIAN_POINT('',(4.477258978093,8.613365796884));
#672 = CARTESIAN_POINT('',(4.490949815095,8.616339231144));
#673 = CARTESIAN_POINT('',(4.504640594988,8.619312655597));
#674 = CARTESIAN_POINT('',(4.518331311462,8.622286069121));
#675 = CARTESIAN_POINT('',(4.532021957348,8.625259470306));
#676 = CARTESIAN_POINT('',(4.558513649538,8.631013070975));
#677 = CARTESIAN_POINT('',(4.571314706705,8.633793272435));
#678 = CARTESIAN_POINT('',(4.584115689713,8.636573460452));
#679 = CARTESIAN_POINT('',(4.596916590851,8.639353633282));
#680 = CARTESIAN_POINT('',(4.609717401112,8.642133788818));
#681 = CARTESIAN_POINT('',(4.622518110186,8.644913924588));
#682 = CARTESIAN_POINT('',(4.647227653493,8.650280496987));
#683 = CARTESIAN_POINT('',(4.659136503325,8.652866936763));
#684 = CARTESIAN_POINT('',(4.67104524684,8.65545335484));
#685 = CARTESIAN_POINT('',(4.682953872949,8.658039748525));
#686 = CARTESIAN_POINT('',(4.694862368597,8.660626114677));
#687 = CARTESIAN_POINT('',(4.706770718761,8.66321244971));
#688 = CARTESIAN_POINT('',(4.729693466298,8.668190965386));
#689 = CARTESIAN_POINT('',(4.740707887032,8.670583151099));
#690 = CARTESIAN_POINT('',(4.751722155556,8.672975303606));
#691 = CARTESIAN_POINT('',(4.762736255813,8.675367419173));
#692 = CARTESIAN_POINT('',(4.773750168783,8.677759493448));
#693 = CARTESIAN_POINT('',(4.784763872489,8.680151521462));
#694 = CARTESIAN_POINT('',(4.805935286242,8.68474966532));
#695 = CARTESIAN_POINT('',(4.816093030548,8.686955788759));
#696 = CARTESIAN_POINT('',(4.826250555902,8.689161863692));
#697 = CARTESIAN_POINT('',(4.836407838798,8.691367884929));
#698 = CARTESIAN_POINT('',(4.84656485123,8.693573846346));
#699 = CARTESIAN_POINT('',(4.856721560693,8.695779740884));
#700 = CARTESIAN_POINT('',(4.876111420409,8.699990943911));
#701 = CARTESIAN_POINT('',(4.88534462826,8.70199626509));
#702 = CARTESIAN_POINT('',(4.894577526786,8.704001518274));
#703 = CARTESIAN_POINT('',(4.903810082555,8.706006696275));
#704 = CARTESIAN_POINT('',(4.913042255643,8.708011790532));
#705 = CARTESIAN_POINT('',(4.922273999639,8.710016791105));
#706 = CARTESIAN_POINT('',(4.939963816633,8.713858761559));
#707 = CARTESIAN_POINT('',(4.948421965207,8.715695747904));
#708 = CARTESIAN_POINT('',(4.956879666492,8.717532636976));
#709 = CARTESIAN_POINT('',(4.965336871625,8.719369418321));
#710 = CARTESIAN_POINT('',(4.973793522578,8.721206079515));
#711 = CARTESIAN_POINT('',(4.982249550991,8.723042605907));
#712 = CARTESIAN_POINT('',(4.99842177456,8.726554978836));
#713 = CARTESIAN_POINT('',(5.006138084476,8.728230850195));
#714 = CARTESIAN_POINT('',(5.013853747184,8.729906581656));
#715 = CARTESIAN_POINT('',(5.021568690658,8.731582157741));
#716 = CARTESIAN_POINT('',(5.029282828943,8.733257559949));
#717 = CARTESIAN_POINT('',(5.036996060684,8.734932766436));
#718 = CARTESIAN_POINT('',(5.051794008204,8.738146677044));
#719 = CARTESIAN_POINT('',(5.05887887925,8.739685414681));
#720 = CARTESIAN_POINT('',(5.065962791015,8.741223945219));
#721 = CARTESIAN_POINT('',(5.073045633893,8.742762244972));
#722 = CARTESIAN_POINT('',(5.080127276335,8.744300285479));
#723 = CARTESIAN_POINT('',(5.08720756274,8.74583803304));
#724 = CARTESIAN_POINT('',(5.100717036623,8.748772120942));
#725 = CARTESIAN_POINT('',(5.107146485558,8.750168517781));
#726 = CARTESIAN_POINT('',(5.113574524851,8.751564609874));
#727 = CARTESIAN_POINT('',(5.120000990802,8.752960361707));
#728 = CARTESIAN_POINT('',(5.126425686321,8.754355730498));
#729 = CARTESIAN_POINT('',(5.132848377927,8.755750665539));
#730 = CARTESIAN_POINT('',(5.145257210209,8.75844572456));
#731 = CARTESIAN_POINT('',(5.151243634218,8.759745909888));
#732 = CARTESIAN_POINT('',(5.157227849273,8.761045616696));
#733 = CARTESIAN_POINT('',(5.163209587541,8.762344786769));
#734 = CARTESIAN_POINT('',(5.169188523876,8.763643349423));
#735 = CARTESIAN_POINT('',(5.17516427083,8.76494122041));
#736 = CARTESIAN_POINT('',(5.186865168954,8.767482537321));
#737 = CARTESIAN_POINT('',(5.192590584526,8.768726040597));
#738 = CARTESIAN_POINT('',(5.198312233071,8.76996872643));
#739 = CARTESIAN_POINT('',(5.204029623022,8.771210487913));
#740 = CARTESIAN_POINT('',(5.209742148863,8.772451193355));
#741 = CARTESIAN_POINT('',(5.215449081422,8.773690684173));
#742 = CARTESIAN_POINT('',(5.221149558174,8.774928772774));
#743 = ( GEOMETRIC_REPRESENTATION_CONTEXT(2) 
PARAMETRIC_REPRESENTATION_CONTEXT() REPRESENTATION_CONTEXT('2D SPACE',''
  ) );
#744 = PCURVE('',#745,#762);
#745 = ( BOUNDED_SURFACE() B_SPLINE_SURFACE(1,7,(
    (#746,#747,#748,#749,#750,#751,#752,#753)
    ,(#754,#755,#756,#757,#758,#759,#760,#761
)),.UNSPECIFIED.,.F.,.F.,.F.) B_SPLINE_SURFACE_WITH_KNOTS((2,2),(8,8),(
    2.,3.),(0.,1.),.PIECEWISE_BEZIER_KNOTS.) 
GEOMETRIC_REPRESENTATION_ITEM() RATIONAL_B_SPLINE_SURFACE((
    (1.,1.,0.999999999999,1.000000000001,0.999999999999,1.,1.,1.)
    ,(1.,1.,0.999999999999,1.000000000001,0.999999999999,1.,1.,1.
))) REPRESENTATION_ITEM('') SURFACE() );
#746 = CARTESIAN_POINT('',(-18.6277154307,-13.49108644382,8.499402016036
    ));
#747 = CARTESIAN_POINT('',(-15.61683299109,-17.64834796134,
    8.547872785743));
#748 = CARTESIAN_POINT('',(-11.5170930062,-21.03039770445,8.596446398794
    ));
#749 = CARTESIAN_POINT('',(-6.565367726618,-23.2934166966,8.645122809806
    ));
#750 = CARTESIAN_POINT('',(-1.134496639328,-24.18137876191,8.6939019515)
  );
#751 = CARTESIAN_POINT('',(4.307987268344,-23.60357312776,8.742783733766
    ));
#752 = CARTESIAN_POINT('',(9.310609572002,-21.66414176958,8.791768042532
    ));
#753 = CARTESIAN_POINT('',(13.516517681352,-18.60923855815,
    8.840854738813));
#754 = CARTESIAN_POINT('',(-19.63390553319,-14.23281159912,
    8.249551517437));
#755 = CARTESIAN_POINT('',(-16.32778072276,-18.51871746414,
    8.330265393244));
#756 = CARTESIAN_POINT('',(-11.92362642103,-21.91908779567,8.41115052464
    ));
#757 = CARTESIAN_POINT('',(-6.703228679613,-24.09441571332,
    8.492206835969));
#758 = CARTESIAN_POINT('',(-1.080505438085,-24.81455628155,
    8.573434215131));
#759 = CARTESIAN_POINT('',(4.454504241221,-24.03381704179,8.654832511955
    ));
#760 = CARTESIAN_POINT('',(9.454322066518,-21.90233986254,8.736401536435
    ));
#761 = CARTESIAN_POINT('',(13.583947240923,-18.70071038564,
    8.818141057077));
#762 = DEFINITIONAL_REPRESENTATION('',(#763),#850);
#763 = B_SPLINE_CURVE_WITH_KNOTS('',7,(#764,#765,#766,#767,#768,#769,
    #770,#771,#772,#773,#774,#775,#776,#777,#778,#779,#780,#781,#782,
    #783,#784,#785,#786,#787,#788,#789,#790,#791,#792,#793,#794,#795,
    #796,#797,#798,#799,#800,#801,#802,#803,#804,#805,#806,#807,#808,
    #809,#810,#811,#812,#813,#814,#815,#816,#817,#818,#819,#820,#821,
    #822,#823,#824,#825,#826,#827,#828,#829,#830,#831,#832,#833,#834,
    #835,#836,#837,#838,#839,#840,#841,#842,#843,#844,#845,#846,#847,
    #848,#849),.UNSPECIFIED.,.F.,.F.,(8,6,6,6,6,6,6,6,6,6,6,6,6,6,8),(0.
    ,0.39742466769,0.468704278189,0.534632502469,0.596277532804,
    0.653628564326,0.706675794107,0.755602320174,0.800083037508,
    0.840840476027,0.878038447714,0.912214809649,0.943262499925,
    0.972221147507,1.),.UNSPECIFIED.);
#764 = CARTESIAN_POINT('',(2.159981002171,0.));
#765 = CARTESIAN_POINT('',(2.167614661131,5.283169208926E-02));
#766 = CARTESIAN_POINT('',(2.17610820547,0.105633888711));
#767 = CARTESIAN_POINT('',(2.185619206335,0.158384957005));
#768 = CARTESIAN_POINT('',(2.19637131073,0.211091172912));
#769 = CARTESIAN_POINT('',(2.208696297993,0.263759681198));
#770 = CARTESIAN_POINT('',(2.223042055541,0.316396314623));
#771 = CARTESIAN_POINT('',(2.243352337042,0.378410707471));
#772 = CARTESIAN_POINT('',(2.246533765864,0.387840397927));
#773 = CARTESIAN_POINT('',(2.249812772564,0.397268752294));
#774 = CARTESIAN_POINT('',(2.253194821507,0.406695768657));
#775 = CARTESIAN_POINT('',(2.25668594532,0.416121444731));
#776 = CARTESIAN_POINT('',(2.260292744897,0.425545777854));
#777 = CARTESIAN_POINT('',(2.267472027197,0.44368431219));
#778 = CARTESIAN_POINT('',(2.271026848629,0.452398708952));
#779 = CARTESIAN_POINT('',(2.274692497683,0.461111952958));
#780 = CARTESIAN_POINT('',(2.278475287897,0.469824041343));
#781 = CARTESIAN_POINT('',(2.282382202358,0.478534970699));
#782 = CARTESIAN_POINT('',(2.286420893698,0.487244737078));
#783 = CARTESIAN_POINT('',(2.294506988795,0.504096158731));
#784 = CARTESIAN_POINT('',(2.298536894745,0.512237961395));
#785 = CARTESIAN_POINT('',(2.302696164948,0.520378740405));
#786 = CARTESIAN_POINT('',(2.306992394558,0.528518491362));
#787 = CARTESIAN_POINT('',(2.311434010878,0.536657209037));
#788 = CARTESIAN_POINT('',(2.316030273361,0.544794887378));
#789 = CARTESIAN_POINT('',(2.325220637564,0.560501379445));
#790 = CARTESIAN_POINT('',(2.32979273343,0.568070334124));
#791 = CARTESIAN_POINT('',(2.334515636027,0.575638378144));
#792 = CARTESIAN_POINT('',(2.339398447609,0.58320550486));
#793 = CARTESIAN_POINT('',(2.344451297865,0.590771706379));
#794 = CARTESIAN_POINT('',(2.349685343918,0.598336973563));
#795 = CARTESIAN_POINT('',(2.360132905589,0.61289796794));
#796 = CARTESIAN_POINT('',(2.365318667942,0.619893831536));
#797 = CARTESIAN_POINT('',(2.370679635272,0.62688887881));
#798 = CARTESIAN_POINT('',(2.376226640862,0.633883099886));
#799 = CARTESIAN_POINT('',(2.381971773392,0.640876483017));
#800 = CARTESIAN_POINT('',(2.38792837694,0.647869014582));
#801 = CARTESIAN_POINT('',(2.399813455492,0.661309231768));
#802 = CARTESIAN_POINT('',(2.40570839895,0.667757046413));
#803 = CARTESIAN_POINT('',(2.411807254296,0.67420411122));
#804 = CARTESIAN_POINT('',(2.418122929555,0.680650411545));
#805 = CARTESIAN_POINT('',(2.42466986784,0.687095929899));
#806 = CARTESIAN_POINT('',(2.431464047344,0.69354064595));
#807 = CARTESIAN_POINT('',(2.444940490888,0.705842889816));
#808 = CARTESIAN_POINT('',(2.451577096805,0.711700559958));
#809 = CARTESIAN_POINT('',(2.458445867137,0.717557530082));
#810 = CARTESIAN_POINT('',(2.465561657241,0.723413779216));
#811 = CARTESIAN_POINT('',(2.472941109782,0.729269282292));
#812 = CARTESIAN_POINT('',(2.480602654737,0.735124010142));
#813 = CARTESIAN_POINT('',(2.495863745948,0.746341843851));
#814 = CARTESIAN_POINT('',(2.50341492921,0.751705078294));
#815 = CARTESIAN_POINT('',(2.511235966094,0.757067607127));
#816 = CARTESIAN_POINT('',(2.519344334025,0.762429399595));
#817 = CARTESIAN_POINT('',(2.527759473824,0.76779041915));
#818 = CARTESIAN_POINT('',(2.536503182595,0.773150622718));
#819 = CARTESIAN_POINT('',(2.553902378276,0.783401250534));
#820 = CARTESIAN_POINT('',(2.562498875168,0.788291817866));
#821 = CARTESIAN_POINT('',(2.571408232349,0.793181624411));
#822 = CARTESIAN_POINT('',(2.580651058072,0.798070624745));
#823 = CARTESIAN_POINT('',(2.590250311288,0.802958764641));
#824 = CARTESIAN_POINT('',(2.600231779131,0.807845980138));
#825 = CARTESIAN_POINT('',(2.620173119407,0.817221503299));
#826 = CARTESIAN_POINT('',(2.630068873829,0.821709963848));
#827 = CARTESIAN_POINT('',(2.640334476848,0.826197521611));
#828 = CARTESIAN_POINT('',(2.65099489385,0.830684107391));
#829 = CARTESIAN_POINT('',(2.662077999734,0.835169638119));
#830 = CARTESIAN_POINT('',(2.673615182198,0.839654015527));
#831 = CARTESIAN_POINT('',(2.696567719057,0.848209828329));
#832 = CARTESIAN_POINT('',(2.707897522163,0.852281480706));
#833 = CARTESIAN_POINT('',(2.719658090444,0.856351997774));
#834 = CARTESIAN_POINT('',(2.731878899129,0.860421276129));
#835 = CARTESIAN_POINT('',(2.74459288196,0.864489191259));
#836 = CARTESIAN_POINT('',(2.757837150551,0.868555595659));
#837 = CARTESIAN_POINT('',(2.784540630031,0.876411543616));
#838 = CARTESIAN_POINT('',(2.797925382716,0.880201297979));
#839 = CARTESIAN_POINT('',(2.81184222044,0.883989443902));
#840 = CARTESIAN_POINT('',(2.826328987573,0.887775812164));
#841 = CARTESIAN_POINT('',(2.841428095234,0.89156019732));
#842 = CARTESIAN_POINT('',(2.857187492301,0.895342354567));
#843 = CARTESIAN_POINT('',(2.889464612632,0.90274765344));
#844 = CARTESIAN_POINT('',(2.905925196324,0.906370979078));
#845 = CARTESIAN_POINT('',(2.923091718638,0.909991728834));
#846 = CARTESIAN_POINT('',(2.941017796562,0.913609592117));
#847 = CARTESIAN_POINT('',(2.959763817613,0.91722418633));
#848 = CARTESIAN_POINT('',(2.979398424537,0.920835050763));
#849 = CARTESIAN_POINT('',(3.,0.924441640503));
#850 = ( GEOMETRIC_REPRESENTATION_CONTEXT(2) 
PARAMETRIC_REPRESENTATION_CONTEXT() REPRESENTATION_CONTEXT('2D SPACE',''
  ) );
#851 = ORIENTED_EDGE('',*,*,#852,.F.);
#852 = EDGE_CURVE('',#853,#564,#855,.T.);
#853 = VERTEX_POINT('',#854);
#854 = CARTESIAN_POINT('',(11.307854845743,-20.25765087041,
    8.535073534488));
#855 = SURFACE_CURVE('',#856,(#862,#871),.PCURVE_S1.);
#856 = B_SPLINE_CURVE_WITH_KNOTS('',4,(#857,#858,#859,#860,#861),
  .UNSPECIFIED.,.F.,.F.,(5,5),(0.,1.),.PIECEWISE_BEZIER_KNOTS.);
#857 = CARTESIAN_POINT('',(11.307854845743,-20.25765087041,
    8.535073534488));
#858 = CARTESIAN_POINT('',(11.30603293476,-20.25866786419,8.5950367585)
  );
#859 = CARTESIAN_POINT('',(11.304217817281,-20.25968077927,
    8.655000638983));
#860 = CARTESIAN_POINT('',(11.302409507715,-20.26068961251,
    8.714964776794));
#861 = CARTESIAN_POINT('',(11.300608019909,-20.26169436104,
    8.774928772774));
#862 = PCURVE('',#235,#863);
#863 = DEFINITIONAL_REPRESENTATION('',(#864),#870);
#864 = B_SPLINE_CURVE_WITH_KNOTS('',4,(#865,#866,#867,#868,#869),
  .UNSPECIFIED.,.F.,.F.,(5,5),(0.,1.),.PIECEWISE_BEZIER_KNOTS.);
#865 = CARTESIAN_POINT('',(5.221507255255,8.535073534488));
#866 = CARTESIAN_POINT('',(5.221417318322,8.5950367585));
#867 = CARTESIAN_POINT('',(5.221327722765,8.655000638983));
#868 = CARTESIAN_POINT('',(5.221238469189,8.714964776794));
#869 = CARTESIAN_POINT('',(5.221149558174,8.774928772774));
#870 = ( GEOMETRIC_REPRESENTATION_CONTEXT(2) 
PARAMETRIC_REPRESENTATION_CONTEXT() REPRESENTATION_CONTEXT('2D SPACE',''
  ) );
#871 = PCURVE('',#872,#889);
#872 = ( BOUNDED_SURFACE() B_SPLINE_SURFACE(1,7,(
    (#873,#874,#875,#876,#877,#878,#879,#880)
    ,(#881,#882,#883,#884,#885,#886,#887,#888
)),.UNSPECIFIED.,.F.,.F.,.F.) B_SPLINE_SURFACE_WITH_KNOTS((2,2),(8,8),(
    3.,4.),(0.,1.),.PIECEWISE_BEZIER_KNOTS.) 
GEOMETRIC_REPRESENTATION_ITEM() RATIONAL_B_SPLINE_SURFACE((
    (1.,1.,0.999999999999,1.000000000001,0.999999999999,1.,1.,1.)
    ,(1.,1.,0.999999999999,1.000000000001,0.999999999999,1.,1.,1.
))) REPRESENTATION_ITEM('') SURFACE() );
#873 = CARTESIAN_POINT('',(-19.63390553319,-14.23281159912,
    8.249551517437));
#874 = CARTESIAN_POINT('',(-16.32778072276,-18.51871746414,
    8.330265393244));
#875 = CARTESIAN_POINT('',(-11.92362642103,-21.91908779567,8.41115052464
    ));
#876 = CARTESIAN_POINT('',(-6.703228679613,-24.09441571332,
    8.492206835969));
#877 = CARTESIAN_POINT('',(-1.080505438085,-24.81455628155,
    8.573434215131));
#878 = CARTESIAN_POINT('',(4.454504241221,-24.03381704179,8.654832511955
    ));
#879 = CARTESIAN_POINT('',(9.454322066518,-21.90233986254,8.736401536435
    ));
#880 = CARTESIAN_POINT('',(13.583947240923,-18.70071038564,
    8.818141057077));
#881 = CARTESIAN_POINT('',(-19.60341869043,-14.27477313856,
    6.750448525103));
#882 = CARTESIAN_POINT('',(-16.29187146797,-18.54846575969,
    7.024621038105));
#883 = CARTESIAN_POINT('',(-11.88686966118,-21.93621062962,
    7.299375280064));
#884 = CARTESIAN_POINT('',(-6.670033292615,-24.10036566256,
    7.574710993612));
#885 = CARTESIAN_POINT('',(-1.054218227765,-24.81249777145,
    7.850627797694));
#886 = CARTESIAN_POINT('',(4.472397906783,-24.02786123421,8.127125181785
    ));
#887 = CARTESIAN_POINT('',(9.464246587555,-21.89644531188,8.404202500336
    ));
#888 = CARTESIAN_POINT('',(13.587761926316,-18.69793885442,
    8.681858966865));
#889 = DEFINITIONAL_REPRESENTATION('',(#890),#896);
#890 = B_SPLINE_CURVE_WITH_KNOTS('',4,(#891,#892,#893,#894,#895),
  .UNSPECIFIED.,.F.,.F.,(5,5),(0.,1.),.PIECEWISE_BEZIER_KNOTS.);
#891 = CARTESIAN_POINT('',(4.,0.924441636095));
#892 = CARTESIAN_POINT('',(3.749999818176,0.924441312398));
#893 = CARTESIAN_POINT('',(3.499999885041,0.924441205231));
#894 = CARTESIAN_POINT('',(3.250000009388,0.924441314602));
#895 = CARTESIAN_POINT('',(3.,0.924441640503));
#896 = ( GEOMETRIC_REPRESENTATION_CONTEXT(2) 
PARAMETRIC_REPRESENTATION_CONTEXT() REPRESENTATION_CONTEXT('2D SPACE',''
  ) );
#897 = ORIENTED_EDGE('',*,*,#898,.F.);
#898 = EDGE_CURVE('',#899,#853,#901,.T.);
#899 = VERTEX_POINT('',#900);
#900 = CARTESIAN_POINT('',(-18.74966337972,-13.66345941359,
    6.540569359418));
#901 = SURFACE_CURVE('',#902,(#989,#1079),.PCURVE_S1.);
#902 = B_SPLINE_CURVE_WITH_KNOTS('',7,(#903,#904,#905,#906,#907,#908,
    #909,#910,#911,#912,#913,#914,#915,#916,#917,#918,#919,#920,#921,
    #922,#923,#924,#925,#926,#927,#928,#929,#930,#931,#932,#933,#934,
    #935,#936,#937,#938,#939,#940,#941,#942,#943,#944,#945,#946,#947,
    #948,#949,#950,#951,#952,#953,#954,#955,#956,#957,#958,#959,#960,
    #961,#962,#963,#964,#965,#966,#967,#968,#969,#970,#971,#972,#973,
    #974,#975,#976,#977,#978,#979,#980,#981,#982,#983,#984,#985,#986,
    #987,#988),.UNSPECIFIED.,.F.,.F.,(8,6,6,6,6,6,6,6,6,6,6,6,6,6,8),(0.
    ,0.397425891032,0.468705644768,0.534633996475,0.596279138853,
    0.653630264624,0.706677567392,0.755604140895,0.800084876345,
    0.840842290612,0.87804017735,0.912216368631,0.943263769967,
    0.972221943994,1.),.UNSPECIFIED.);
#903 = CARTESIAN_POINT('',(-18.74966337972,-13.66345941359,
    6.540569359417));
#904 = CARTESIAN_POINT('',(-17.62389601817,-15.20829212645,
    6.653888298003));
#905 = CARTESIAN_POINT('',(-16.34938411175,-16.64524942885,
    6.767234580855));
#906 = CARTESIAN_POINT('',(-14.93894707845,-17.95650657117,
    6.880558947092));
#907 = CARTESIAN_POINT('',(-13.40765390356,-19.12702342555,
    6.993875099362));
#908 = CARTESIAN_POINT('',(-11.77227398631,-20.14398428426,
    7.107198632234));
#909 = CARTESIAN_POINT('',(-10.05127835823,-20.99679628523,
    7.220541623561));
#910 = CARTESIAN_POINT('',(-7.94491061899,-21.7999065323,7.354181925656)
  );
#911 = CARTESIAN_POINT('',(-7.622473785427,-21.91651911003,
    7.374505613017));
#912 = CARTESIAN_POINT('',(-7.298046491523,-22.02756538421,
    7.394829250403));
#913 = CARTESIAN_POINT('',(-6.971744187613,-22.13300478094,
    7.415152831492));
#914 = CARTESIAN_POINT('',(-6.643683309679,-22.23279974201,
    7.435476349164));
#915 = CARTESIAN_POINT('',(-6.313981279349,-22.32691572484,
    7.455799795502));
#916 = CARTESIAN_POINT('',(-5.67639877473,-22.49708954666,7.494920730111
    ));
#917 = CARTESIAN_POINT('',(-5.368738244333,-22.5739726773,7.51371823218)
  );
#918 = CARTESIAN_POINT('',(-5.059868587566,-22.64594565627,
    7.532515661303));
#919 = CARTESIAN_POINT('',(-4.749883986849,-22.71298581673,
    7.551313009713));
#920 = CARTESIAN_POINT('',(-4.438879132159,-22.7750727633,7.570110268571
    ));
#921 = CARTESIAN_POINT('',(-4.126949221034,-22.83218837201,
    7.588907427968));
#922 = CARTESIAN_POINT('',(-3.52174992685,-22.93305854839,7.625280325987
    ));
#923 = CARTESIAN_POINT('',(-3.228584724895,-22.97744009524,
    7.642856079817));
#924 = CARTESIAN_POINT('',(-2.934772578585,-23.01744847477,
    7.660431729662));
#925 = CARTESIAN_POINT('',(-2.640391953409,-23.05307250167,
    7.678007265067));
#926 = CARTESIAN_POINT('',(-2.345521554466,-23.08430276137,
    7.695582673871));
#927 = CARTESIAN_POINT('',(-2.050240326468,-23.11113161013,
    7.713157942205));
#928 = CARTESIAN_POINT('',(-1.479606091316,-23.1544129205,7.747083936923
    ));
#929 = CARTESIAN_POINT('',(-1.204297625839,-23.17145800301,
    7.763434684855));
#930 = CARTESIAN_POINT('',(-0.92876580905,-23.18468369348,7.779785286062
    ));
#931 = CARTESIAN_POINT('',(-0.653074477995,-23.19408661026,
    7.796135725639));
#932 = CARTESIAN_POINT('',(-0.377287555029,-23.199664719,7.812485986));
#933 = CARTESIAN_POINT('',(-0.101469047807,-23.20141733264,7.82883604688
    ));
#934 = CARTESIAN_POINT('',(0.429407032473,-23.19742839678,7.860308776459
    ));
#935 = CARTESIAN_POINT('',(0.684469328967,-23.19223937156,7.875431477118
    ));
#936 = CARTESIAN_POINT('',(0.939453132645,-23.18377855583,7.890553969627
    ));
#937 = CARTESIAN_POINT('',(1.194307721278,-23.1720474742,7.905676232222)
  );
#938 = CARTESIAN_POINT('',(1.448982357953,-23.15704865593,7.920798239062
    ));
#939 = CARTESIAN_POINT('',(1.703426291068,-23.13878563483,7.935919960229
    ));
#940 = CARTESIAN_POINT('',(2.192007806611,-23.09741215205,7.964988128539
    ));
#941 = CARTESIAN_POINT('',(2.42618742529,-23.07478845333,7.978934622426)
  );
#942 = CARTESIAN_POINT('',(2.66008779404,-23.04939540829,7.992880817475)
  );
#943 = CARTESIAN_POINT('',(2.893669091902,-23.02123732483,8.00682668158)
  );
#944 = CARTESIAN_POINT('',(3.126891493296,-22.99031926363,8.020772176438
    ));
#945 = CARTESIAN_POINT('',(3.359715168019,-22.95664703815,8.034717257554
    ));
#946 = CARTESIAN_POINT('',(3.803369127682,-22.88711677135,8.061339377712
    ));
#947 = CARTESIAN_POINT('',(4.014275478511,-22.85173539379,8.074016495428
    ));
#948 = CARTESIAN_POINT('',(4.224789420655,-22.81408800653,8.086693190468
    ));
#949 = CARTESIAN_POINT('',(4.43488100484,-22.77418008862,8.099369417011)
  );
#950 = CARTESIAN_POINT('',(4.644520245594,-22.73201767356,8.11204512033)
  );
#951 = CARTESIAN_POINT('',(4.85367712125,-22.68760734926,8.124720236789)
  );
#952 = CARTESIAN_POINT('',(5.253501155546,-22.59821016076,8.149008218036
    ));
#953 = CARTESIAN_POINT('',(5.444250477202,-22.55358274276,8.160621186209
    ));
#954 = CARTESIAN_POINT('',(5.634546427519,-22.50707951385,8.172233542335
    ));
#955 = CARTESIAN_POINT('',(5.824365808341,-22.45870640281,8.183845219415
    ));
#956 = CARTESIAN_POINT('',(6.013685324338,-22.40846978262,8.195456137893
    ));
#957 = CARTESIAN_POINT('',(6.202481572595,-22.35637649545,8.207066204067
    ));
#958 = CARTESIAN_POINT('',(6.562539823396,-22.25320231055,8.229270537847
    ));
#959 = CARTESIAN_POINT('',(6.733893105219,-22.20243034427,8.239864962584
    ));
#960 = CARTESIAN_POINT('',(6.904773024466,-22.15012355288,8.250458501078
    ));
#961 = CARTESIAN_POINT('',(7.075161545074,-22.09628787924,8.261051054641
    ));
#962 = CARTESIAN_POINT('',(7.245040433451,-22.04092967125,8.271642505519
    ));
#963 = CARTESIAN_POINT('',(7.414391243799,-21.98405571779,8.282232714886
    ));
#964 = CARTESIAN_POINT('',(7.73828690507,-21.87203343115,8.302550166457)
  );
#965 = CARTESIAN_POINT('',(7.89291687892,-21.81712025396,8.312277621298)
  );
#966 = CARTESIAN_POINT('',(8.047070788661,-21.76093937913,8.322003762436
    ));
#967 = CARTESIAN_POINT('',(8.200733863401,-21.7034968278,8.331728439797)
  );
#968 = CARTESIAN_POINT('',(8.353890975743,-21.64479907057,8.341451473282
    ));
#969 = CARTESIAN_POINT('',(8.506526619849,-21.58485308173,8.351172649896
    ));
#970 = CARTESIAN_POINT('',(8.796798742202,-21.46808127449,8.369721022372
    ));
#971 = CARTESIAN_POINT('',(8.934528953841,-21.41147228864,8.37854857625)
  );
#972 = CARTESIAN_POINT('',(9.071803667547,-21.35384506484,8.387374200054
    ));
#973 = CARTESIAN_POINT('',(9.20861048094,-21.29520571542,8.396197669744)
  );
#974 = CARTESIAN_POINT('',(9.344936414668,-21.23556091438,8.405018715593
    ));
#975 = CARTESIAN_POINT('',(9.480767880952,-21.17491797557,8.413837018094
    ));
#976 = CARTESIAN_POINT('',(9.742307346248,-21.05579926829,8.430874202244
    ));
#977 = CARTESIAN_POINT('',(9.86808123519,-20.99745238968,8.439093471785)
  );
#978 = CARTESIAN_POINT('',(9.993400906645,-20.93825076659,8.447309717603
    ));
#979 = CARTESIAN_POINT('',(10.11825398481,-20.87820162103,8.455522573209
    ));
#980 = CARTESIAN_POINT('',(10.24262707874,-20.81731305543,8.463731593687
    ));
#981 = CARTESIAN_POINT('',(10.366505730701,-20.75559418259,
    8.471936248873));
#982 = CARTESIAN_POINT('',(10.608215417957,-20.63306494654,8.48800142724
    ));
#983 = CARTESIAN_POINT('',(10.726086628879,-20.57232033581,
    8.495862312387));
#984 = CARTESIAN_POINT('',(10.843474554572,-20.51083034687,
    8.503718042051));
#985 = CARTESIAN_POINT('',(10.960363818455,-20.44860534461,
    8.511567943616));
#986 = CARTESIAN_POINT('',(11.076737013905,-20.38565738979,
    8.519411188504));
#987 = CARTESIAN_POINT('',(11.192574608081,-20.3220004933,8.527246778902
    ));
#988 = CARTESIAN_POINT('',(11.307854845742,-20.25765087041,
    8.535073534488));
#989 = PCURVE('',#235,#990);
#990 = DEFINITIONAL_REPRESENTATION('',(#991),#1078);
#991 = B_SPLINE_CURVE_WITH_KNOTS('',7,(#992,#993,#994,#995,#996,#997,
    #998,#999,#1000,#1001,#1002,#1003,#1004,#1005,#1006,#1007,#1008,
    #1009,#1010,#1011,#1012,#1013,#1014,#1015,#1016,#1017,#1018,#1019,
    #1020,#1021,#1022,#1023,#1024,#1025,#1026,#1027,#1028,#1029,#1030,
    #1031,#1032,#1033,#1034,#1035,#1036,#1037,#1038,#1039,#1040,#1041,
    #1042,#1043,#1044,#1045,#1046,#1047,#1048,#1049,#1050,#1051,#1052,
    #1053,#1054,#1055,#1056,#1057,#1058,#1059,#1060,#1061,#1062,#1063,
    #1064,#1065,#1066,#1067,#1068,#1069,#1070,#1071,#1072,#1073,#1074,
    #1075,#1076,#1077),.UNSPECIFIED.,.F.,.F.,(8,6,6,6,6,6,6,6,6,6,6,6,6,
    6,8),(0.,0.397425891032,0.468705644768,0.534633996475,0.596279138853
    ,0.653630264624,0.706677567392,0.755604140895,0.800084876345,
    0.840842290612,0.87804017735,0.912216368631,0.943263769967,
    0.972221943994,1.),.UNSPECIFIED.);
#992 = CARTESIAN_POINT('',(3.77134201443,6.540569359417));
#993 = CARTESIAN_POINT('',(3.853734571649,6.653888298003));
#994 = CARTESIAN_POINT('',(3.936145226849,6.767234580855));
#995 = CARTESIAN_POINT('',(4.018541153308,6.880558947092));
#996 = CARTESIAN_POINT('',(4.100931301889,6.993875099362));
#997 = CARTESIAN_POINT('',(4.183326670464,7.107198632234));
#998 = CARTESIAN_POINT('',(4.265736099254,7.220541623561));
#999 = CARTESIAN_POINT('',(4.362903271832,7.354181925656));
#1000 = CARTESIAN_POINT('',(4.377680214978,7.374505613017));
#1001 = CARTESIAN_POINT('',(4.3924571216,7.394829250403));
#1002 = CARTESIAN_POINT('',(4.407233987577,7.415152831492));
#1003 = CARTESIAN_POINT('',(4.422010808189,7.435476349164));
#1004 = CARTESIAN_POINT('',(4.436787578116,7.455799795502));
#1005 = CARTESIAN_POINT('',(4.465231627561,7.494920730111));
#1006 = CARTESIAN_POINT('',(4.478898916858,7.51371823218));
#1007 = CARTESIAN_POINT('',(4.492566154766,7.532515661303));
#1008 = CARTESIAN_POINT('',(4.506233335869,7.551313009713));
#1009 = CARTESIAN_POINT('',(4.519900453892,7.570110268571));
#1010 = CARTESIAN_POINT('',(4.533567501708,7.588907427968));
#1011 = CARTESIAN_POINT('',(4.560013530215,7.625280325987));
#1012 = CARTESIAN_POINT('',(4.572792521697,7.642856079817));
#1013 = CARTESIAN_POINT('',(4.585571439406,7.660431729662));
#1014 = CARTESIAN_POINT('',(4.598350275675,7.678007265067));
#1015 = CARTESIAN_POINT('',(4.611129021543,7.695582673871));
#1016 = CARTESIAN_POINT('',(4.623907666753,7.713157942205));
#1017 = CARTESIAN_POINT('',(4.648574618294,7.747083936923));
#1018 = CARTESIAN_POINT('',(4.660462940135,7.763434684855));
#1019 = CARTESIAN_POINT('',(4.672351156204,7.779785286062));
#1020 = CARTESIAN_POINT('',(4.684239255467,7.796135725639));
#1021 = CARTESIAN_POINT('',(4.696127224936,7.812485986));
#1022 = CARTESIAN_POINT('',(4.708015049666,7.82883604688));
#1023 = CARTESIAN_POINT('',(4.73089828528,7.860308776459));
#1024 = CARTESIAN_POINT('',(4.7418937194,7.875431477118));
#1025 = CARTESIAN_POINT('',(4.752889002081,7.890553969627));
#1026 = CARTESIAN_POINT('',(4.763884117345,7.905676232222));
#1027 = CARTESIAN_POINT('',(4.774879046272,7.920798239062));
#1028 = CARTESIAN_POINT('',(4.785873766993,7.935919960229));
#1029 = CARTESIAN_POINT('',(4.807008687533,7.964988128539));
#1030 = CARTESIAN_POINT('',(4.817148921432,7.978934622426));
#1031 = CARTESIAN_POINT('',(4.827288937484,7.992880817475));
#1032 = CARTESIAN_POINT('',(4.837428712303,8.00682668158));
#1033 = CARTESIAN_POINT('',(4.847568218026,8.020772176438));
#1034 = CARTESIAN_POINT('',(4.857707422314,8.034717257554));
#1035 = CARTESIAN_POINT('',(4.877063860429,8.061339377712));
#1036 = CARTESIAN_POINT('',(4.886281151558,8.074016495428));
#1037 = CARTESIAN_POINT('',(4.895498134928,8.086693190468));
#1038 = CARTESIAN_POINT('',(4.904714777276,8.099369417011));
#1039 = CARTESIAN_POINT('',(4.913931038883,8.11204512033));
#1040 = CARTESIAN_POINT('',(4.923146873574,8.124720236789));
#1041 = CARTESIAN_POINT('',(4.940806199873,8.149008218036));
#1042 = CARTESIAN_POINT('',(4.94924976667,8.160621186209));
#1043 = CARTESIAN_POINT('',(4.957692888449,8.172233542335));
#1044 = CARTESIAN_POINT('',(4.966135516595,8.183845219415));
#1045 = CARTESIAN_POINT('',(4.974577593371,8.195456137893));
#1046 = CARTESIAN_POINT('',(4.983019050763,8.207066204067));
#1047 = CARTESIAN_POINT('',(4.99916339863,8.229270537847));
#1048 = CARTESIAN_POINT('',(5.00686640328,8.239864962584));
#1049 = CARTESIAN_POINT('',(5.014568764008,8.250458501078));
#1050 = CARTESIAN_POINT('',(5.022270409153,8.261051054641));
#1051 = CARTESIAN_POINT('',(5.029971253194,8.271642505519));
#1052 = CARTESIAN_POINT('',(5.037671195285,8.282232714886));
#1053 = CARTESIAN_POINT('',(5.052443633835,8.302550166457));
#1054 = CARTESIAN_POINT('',(5.059516284771,8.312277621298));
#1055 = CARTESIAN_POINT('',(5.066587981295,8.322003762436));
#1056 = CARTESIAN_POINT('',(5.073658614352,8.331728439797));
#1057 = CARTESIAN_POINT('',(5.080728053055,8.341451473282));
#1058 = CARTESIAN_POINT('',(5.087796142586,8.351172649896));
#1059 = CARTESIAN_POINT('',(5.101282326447,8.369721022372));
#1060 = CARTESIAN_POINT('',(5.107700680916,8.37854857625));
#1061 = CARTESIAN_POINT('',(5.114117632883,8.387374200054));
#1062 = CARTESIAN_POINT('',(5.120533019475,8.396197669744));
#1063 = CARTESIAN_POINT('',(5.126946644585,8.405018715593));
#1064 = CARTESIAN_POINT('',(5.133358275903,8.413837018094));
#1065 = CARTESIAN_POINT('',(5.145745711878,8.430874202244));
#1066 = CARTESIAN_POINT('',(5.151721798454,8.439093471785));
#1067 = CARTESIAN_POINT('',(5.157695687244,8.447309717603));
#1068 = CARTESIAN_POINT('',(5.163667111755,8.455522573209));
#1069 = CARTESIAN_POINT('',(5.169635748456,8.463731593687));
#1070 = CARTESIAN_POINT('',(5.175601211822,8.471936248873));
#1071 = CARTESIAN_POINT('',(5.187281927128,8.48800142724));
#1072 = CARTESIAN_POINT('',(5.192997442205,8.495862312387));
#1073 = CARTESIAN_POINT('',(5.198709209237,8.503718042051));
#1074 = CARTESIAN_POINT('',(5.204416739098,8.511567943616));
#1075 = CARTESIAN_POINT('',(5.210119429248,8.519411188504));
#1076 = CARTESIAN_POINT('',(5.215816554078,8.527246778902));
#1077 = CARTESIAN_POINT('',(5.221507255255,8.535073534488));
#1078 = ( GEOMETRIC_REPRESENTATION_CONTEXT(2) 
PARAMETRIC_REPRESENTATION_CONTEXT() REPRESENTATION_CONTEXT('2D SPACE',''
  ) );
#1079 = PCURVE('',#1080,#1097);
#1080 = ( BOUNDED_SURFACE() B_SPLINE_SURFACE(1,7,(
    (#1081,#1082,#1083,#1084,#1085,#1086,#1087,#1088)
    ,(#1089,#1090,#1091,#1092,#1093,#1094,#1095,#1096
)),.UNSPECIFIED.,.F.,.F.,.F.) B_SPLINE_SURFACE_WITH_KNOTS((2,2),(8,8),(
    4.,5.),(0.,1.),.PIECEWISE_BEZIER_KNOTS.) 
GEOMETRIC_REPRESENTATION_ITEM() RATIONAL_B_SPLINE_SURFACE((
    (1.,1.,0.999999999999,1.000000000001,0.999999999999,1.,1.,1.)
    ,(1.,1.,0.999999999999,1.000000000001,0.999999999999,1.,1.,1.
))) REPRESENTATION_ITEM('') SURFACE() );
#1081 = CARTESIAN_POINT('',(-19.60341869043,-14.27477313856,
    6.750448525103));
#1082 = CARTESIAN_POINT('',(-16.29187146797,-18.54846575969,
    7.024621038105));
#1083 = CARTESIAN_POINT('',(-11.88686966118,-21.93621062962,
    7.299375280064));
#1084 = CARTESIAN_POINT('',(-6.670033292615,-24.10036566256,
    7.574710993612));
#1085 = CARTESIAN_POINT('',(-1.054218227765,-24.81249777145,
    7.850627797694));
#1086 = CARTESIAN_POINT('',(4.472397906783,-24.02786123421,
    8.127125181785));
#1087 = CARTESIAN_POINT('',(9.464246587555,-21.89644531188,
    8.404202500336));
#1088 = CARTESIAN_POINT('',(13.587761926316,-18.69793885442,
    8.681858966865));
#1089 = CARTESIAN_POINT('',(-18.58706630702,-13.54703516307,
    6.500598026257));
#1090 = CARTESIAN_POINT('',(-15.5689539847,-17.68801235541,
    6.807013645558));
#1091 = CARTESIAN_POINT('',(-11.46808399309,-21.05322814972,
    7.114079406025));
#1092 = CARTESIAN_POINT('',(-6.521107210586,-23.30134996223,
    7.421795019997));
#1093 = CARTESIAN_POINT('',(-1.099447025602,-24.17863408181,
    7.730160061583));
#1094 = CARTESIAN_POINT('',(4.331845489112,-23.59563205098,
    8.039173960205));
#1095 = CARTESIAN_POINT('',(9.323842266712,-21.65628236871,8.3488359944)
  );
#1096 = CARTESIAN_POINT('',(13.521603928543,-18.60554318319,
    8.659145285198));
#1097 = DEFINITIONAL_REPRESENTATION('',(#1098),#1185);
#1098 = B_SPLINE_CURVE_WITH_KNOTS('',7,(#1099,#1100,#1101,#1102,#1103,
    #1104,#1105,#1106,#1107,#1108,#1109,#1110,#1111,#1112,#1113,#1114,
    #1115,#1116,#1117,#1118,#1119,#1120,#1121,#1122,#1123,#1124,#1125,
    #1126,#1127,#1128,#1129,#1130,#1131,#1132,#1133,#1134,#1135,#1136,
    #1137,#1138,#1139,#1140,#1141,#1142,#1143,#1144,#1145,#1146,#1147,
    #1148,#1149,#1150,#1151,#1152,#1153,#1154,#1155,#1156,#1157,#1158,
    #1159,#1160,#1161,#1162,#1163,#1164,#1165,#1166,#1167,#1168,#1169,
    #1170,#1171,#1172,#1173,#1174,#1175,#1176,#1177,#1178,#1179,#1180,
    #1181,#1182,#1183,#1184),.UNSPECIFIED.,.F.,.F.,(8,6,6,6,6,6,6,6,6,6,
    6,6,6,6,8),(0.,0.397425891032,0.468705644768,0.534633996475,
    0.596279138853,0.653630264624,0.706677567392,0.755604140895,
    0.800084876345,0.840842290612,0.87804017735,0.912216368631,
    0.943263769967,0.972221943994,1.),.UNSPECIFIED.);
#1099 = CARTESIAN_POINT('',(4.840018997983,0.));
#1100 = CARTESIAN_POINT('',(4.832385289358,5.283174396625E-02));
#1101 = CARTESIAN_POINT('',(4.823891816532,0.105633829067));
#1102 = CARTESIAN_POINT('',(4.814380827403,0.158384924386));
#1103 = CARTESIAN_POINT('',(4.803628695275,0.21109119605));
#1104 = CARTESIAN_POINT('',(4.791303672667,0.263759730795));
#1105 = CARTESIAN_POINT('',(4.776957953218,0.316396259897));
#1106 = CARTESIAN_POINT('',(4.756647659014,0.378410707289));
#1107 = CARTESIAN_POINT('',(4.75346623121,0.387840397557));
#1108 = CARTESIAN_POINT('',(4.750187225635,0.397268751809));
#1109 = CARTESIAN_POINT('',(4.74680517787,0.406695768145));
#1110 = CARTESIAN_POINT('',(4.74331405523,0.416121444292));
#1111 = CARTESIAN_POINT('',(4.73970725676,0.425545777606));
#1112 = CARTESIAN_POINT('',(4.7325279766,0.443684311898));
#1113 = CARTESIAN_POINT('',(4.728973156244,0.452398708391));
#1114 = CARTESIAN_POINT('',(4.725307508128,0.461111952238));
#1115 = CARTESIAN_POINT('',(4.721524718667,0.469824040589));
#1116 = CARTESIAN_POINT('',(4.717617804733,0.478534970053));
#1117 = CARTESIAN_POINT('',(4.713579113657,0.487244736697));
#1118 = CARTESIAN_POINT('',(4.70549301894,0.504096158266));
#1119 = CARTESIAN_POINT('',(4.701463113178,0.512237960549));
#1120 = CARTESIAN_POINT('',(4.697303842914,0.520378739339));
#1121 = CARTESIAN_POINT('',(4.693007612973,0.52851849025));
#1122 = CARTESIAN_POINT('',(4.688565996034,0.536657208078));
#1123 = CARTESIAN_POINT('',(4.683969732631,0.544794886792));
#1124 = CARTESIAN_POINT('',(4.674779366821,0.560501378736));
#1125 = CARTESIAN_POINT('',(4.670207270362,0.568070332878));
#1126 = CARTESIAN_POINT('',(4.665484366951,0.575638376588));
#1127 = CARTESIAN_POINT('',(4.660601554328,0.583205503245));
#1128 = CARTESIAN_POINT('',(4.655548702792,0.590771704985));
#1129 = CARTESIAN_POINT('',(4.650314655203,0.598336972701));
#1130 = CARTESIAN_POINT('',(4.639867091377,0.612897966903));
#1131 = CARTESIAN_POINT('',(4.634681328533,0.619893829738));
#1132 = CARTESIAN_POINT('',(4.629320360552,0.626888876574));
#1133 = CARTESIAN_POINT('',(4.623773354127,0.63388309757));
#1134 = CARTESIAN_POINT('',(4.618028220533,0.64087648102));
#1135 = CARTESIAN_POINT('',(4.612071615631,0.647869013351));
#1136 = CARTESIAN_POINT('',(4.600186536076,0.661309230351));
#1137 = CARTESIAN_POINT('',(4.594291593175,0.667757043967));
#1138 = CARTESIAN_POINT('',(4.588192738177,0.674204108212));
#1139 = CARTESIAN_POINT('',(4.581877062974,0.680650408491));
#1140 = CARTESIAN_POINT('',(4.575330124335,0.687095927375));
#1141 = CARTESIAN_POINT('',(4.56853594391,0.693540644602));
#1142 = CARTESIAN_POINT('',(4.555059500763,0.705842888803));
#1143 = CARTESIAN_POINT('',(4.54842289653,0.711700557982));
#1144 = CARTESIAN_POINT('',(4.541554127373,0.717557527799));
#1145 = CARTESIAN_POINT('',(4.534438337756,0.723413777357));
#1146 = CARTESIAN_POINT('',(4.527058884773,0.729269281673));
#1147 = CARTESIAN_POINT('',(4.519397338137,0.735124011675));
#1148 = CARTESIAN_POINT('',(4.504136247931,0.746341846098));
#1149 = CARTESIAN_POINT('',(4.496585068115,0.751705078941));
#1150 = CARTESIAN_POINT('',(4.488764033556,0.757067607127));
#1151 = CARTESIAN_POINT('',(4.480655666505,0.762429400004));
#1152 = CARTESIAN_POINT('',(4.472240525722,0.767790421147));
#1153 = CARTESIAN_POINT('',(4.463496813542,0.773150627623));
#1154 = CARTESIAN_POINT('',(4.446097619324,0.783401255599));
#1155 = CARTESIAN_POINT('',(4.437501128821,0.788291819937));
#1156 = CARTESIAN_POINT('',(4.428591775916,0.793181624864));
#1157 = CARTESIAN_POINT('',(4.419348951773,0.79807062511));
#1158 = CARTESIAN_POINT('',(4.40974969669,0.802958766626));
#1159 = CARTESIAN_POINT('',(4.399768222525,0.807845985665));
#1160 = CARTESIAN_POINT('',(4.379826884912,0.817221507626));
#1161 = CARTESIAN_POINT('',(4.369931142246,0.821709963104));
#1162 = CARTESIAN_POINT('',(4.359665547115,0.826197517834));
#1163 = CARTESIAN_POINT('',(4.349005133065,0.830684102848));
#1164 = CARTESIAN_POINT('',(4.337922023792,0.835169635352));
#1165 = CARTESIAN_POINT('',(4.32638482971,0.839654017404));
#1166 = CARTESIAN_POINT('',(4.303432297311,0.848209827704));
#1167 = CARTESIAN_POINT('',(4.292102515619,0.852281472388));
#1168 = CARTESIAN_POINT('',(4.280341961773,0.85635198475));
#1169 = CARTESIAN_POINT('',(4.268121158578,0.860421261727));
#1170 = CARTESIAN_POINT('',(4.255407169683,0.864489179216));
#1171 = CARTESIAN_POINT('',(4.242162879944,0.8685555902));
#1172 = CARTESIAN_POINT('',(4.215459412143,0.876411533423));
#1173 = CARTESIAN_POINT('',(4.202074701818,0.880201275889));
#1174 = CARTESIAN_POINT('',(4.188157892994,0.883989414579));
#1175 = CARTESIAN_POINT('',(4.173671137291,0.887775780828));
#1176 = CARTESIAN_POINT('',(4.158572018176,0.891560169862));
#1177 = CARTESIAN_POINT('',(4.142812579348,0.895342337671));
#1178 = CARTESIAN_POINT('',(4.110535492863,0.90274762749));
#1179 = CARTESIAN_POINT('',(4.094075004061,0.906370933003));
#1180 = CARTESIAN_POINT('',(4.076908548245,0.909991670553));
#1181 = CARTESIAN_POINT('',(4.058982499146,0.913609530556));
#1182 = CARTESIAN_POINT('',(4.040236456392,0.917224131638));
#1183 = CARTESIAN_POINT('',(4.020601759189,0.920835014551));
#1184 = CARTESIAN_POINT('',(4.,0.924441636095));
#1185 = ( GEOMETRIC_REPRESENTATION_CONTEXT(2) 
PARAMETRIC_REPRESENTATION_CONTEXT() REPRESENTATION_CONTEXT('2D SPACE',''
  ) );
#1186 = ORIENTED_EDGE('',*,*,#1187,.F.);
#1187 = EDGE_CURVE('',#1188,#899,#1190,.T.);
#1188 = VERTEX_POINT('',#1189);
#1189 = CARTESIAN_POINT('',(23.199976251618,3.319524617364E-02,
    3.540569338078));
#1190 = SURFACE_CURVE('',#1191,(#1285,#1382),.PCURVE_S1.);
#1191 = B_SPLINE_CURVE_WITH_KNOTS('',8,(#1192,#1193,#1194,#1195,#1196,
    #1197,#1198,#1199,#1200,#1201,#1202,#1203,#1204,#1205,#1206,#1207,
    #1208,#1209,#1210,#1211,#1212,#1213,#1214,#1215,#1216,#1217,#1218,
    #1219,#1220,#1221,#1222,#1223,#1224,#1225,#1226,#1227,#1228,#1229,
    #1230,#1231,#1232,#1233,#1234,#1235,#1236,#1237,#1238,#1239,#1240,
    #1241,#1242,#1243,#1244,#1245,#1246,#1247,#1248,#1249,#1250,#1251,
    #1252,#1253,#1254,#1255,#1256,#1257,#1258,#1259,#1260,#1261,#1262,
    #1263,#1264,#1265,#1266,#1267,#1268,#1269,#1270,#1271,#1272,#1273,
    #1274,#1275,#1276,#1277,#1278,#1279,#1280,#1281,#1282,#1283,#1284),
  .UNSPECIFIED.,.F.,.F.,(9,7,7,7,7,7,7,7,7,7,7,7,7,9),(0.,
    3.000373635761E-02,0.137345640881,0.235327136223,0.31104583779,
    0.370097514215,0.454070379537,0.501834689985,0.549428200986,
    0.632970145611,0.765755987376,0.806107722429,0.969858936324,1.),
  .UNSPECIFIED.);
#1192 = CARTESIAN_POINT('',(23.199976251618,3.319524617371E-02,
    3.540569338076));
#1193 = CARTESIAN_POINT('',(23.199506920439,0.361208243929,3.55183729097
    ));
#1194 = CARTESIAN_POINT('',(23.193737455425,0.689214029608,3.5631012595)
  );
#1195 = CARTESIAN_POINT('',(23.182667988902,1.017112505503,
    3.574361872356));
#1196 = CARTESIAN_POINT('',(23.166300912885,1.344803709509,
    3.585619691119));
#1197 = CARTESIAN_POINT('',(23.144640879076,1.672187815126,
    3.596875210263));
#1198 = CARTESIAN_POINT('',(23.117694798864,1.999165131457,
    3.608128857149));
#1199 = CARTESIAN_POINT('',(23.085471843327,2.32563610321,3.619380992029
    ));
#1200 = CARTESIAN_POINT('',(22.913864271669,3.817322512846,
    3.670883386675));
#1201 = CARTESIAN_POINT('',(22.712344376521,4.975446145346,
    3.711121247286));
#1202 = CARTESIAN_POINT('',(22.443945152171,6.121244111351,
    3.751356891587));
#1203 = CARTESIAN_POINT('',(22.109571955018,7.250211122764,
    3.791595669286));
#1204 = CARTESIAN_POINT('',(21.710478854133,8.357954723866,
    3.831839560285));
#1205 = CARTESIAN_POINT('',(21.248256495932,9.440192959685,
    3.872088665273));
#1206 = CARTESIAN_POINT('',(20.724843082824,10.492759689103,
    3.912341504701));
#1207 = CARTESIAN_POINT('',(19.61105012589,12.441629139529,
    3.989336645866));
#1208 = CARTESIAN_POINT('',(19.030450179913,13.343624662993,
    4.026081745205));
#1209 = CARTESIAN_POINT('',(18.402505234346,14.21453535322,4.06282675127
    ));
#1210 = CARTESIAN_POINT('',(17.729173464108,15.051469565627,
    4.099570760344));
#1211 = CARTESIAN_POINT('',(17.012607904562,15.851699812446,
    4.136314039014));
#1212 = CARTESIAN_POINT('',(16.255150476025,16.61265892987,
    4.173057256354));
#1213 = CARTESIAN_POINT('',(15.459336740855,17.331945370797,
    4.209800547204));
#1214 = CARTESIAN_POINT('',(13.985397747443,18.529271119093,
    4.274935991173));
#1215 = CARTESIAN_POINT('',(13.321593155859,19.025010428417,
    4.303329768551));
#1216 = CARTESIAN_POINT('',(12.637754230669,19.493532994743,
    4.331723370829));
#1217 = CARTESIAN_POINT('',(11.935187065317,19.933898254761,4.3601168844
    ));
#1218 = CARTESIAN_POINT('',(11.215244732968,20.345243816884,
    4.38851058001));
#1219 = CARTESIAN_POINT('',(10.4793263527,20.726784242144,4.416904667265
    ));
#1220 = CARTESIAN_POINT('',(9.728877723326,21.077812427341,
    4.445299073516));
#1221 = CARTESIAN_POINT('',(8.369965699028,21.647181051967,
    4.495837361041));
#1222 = CARTESIAN_POINT('',(7.766601252153,21.877723715084,
    4.517981579728));
#1223 = CARTESIAN_POINT('',(7.156006633516,22.089035795482,
    4.540125835263));
#1224 = CARTESIAN_POINT('',(6.538897839374,22.280854089509,
    4.562270064848));
#1225 = CARTESIAN_POINT('',(5.916000412914,22.452947974192,
    4.584414210821));
#1226 = CARTESIAN_POINT('',(5.288049444257,22.605119407233,
    4.606558220654));
#1227 = CARTESIAN_POINT('',(4.655789570458,22.737202927013,
    4.628702046955));
#1228 = CARTESIAN_POINT('',(3.115831747325,23.008137065259,
    4.682334365413));
#1229 = CARTESIAN_POINT('',(2.204478768967,23.1263230938,4.713823264628)
  );
#1230 = CARTESIAN_POINT('',(1.288096269715,23.203237592127,
    4.745311522821));
#1231 = CARTESIAN_POINT('',(0.368867478433,23.238640608818,
    4.776799128473));
#1232 = CARTESIAN_POINT('',(-0.551021846318,23.232429955583,
    4.808286611203));
#1233 = CARTESIAN_POINT('',(-1.469383803087,23.184638399407,
    4.839774650048));
#1234 = CARTESIAN_POINT('',(-2.384028651264,23.095436478365,
    4.871263559676));
#1235 = CARTESIAN_POINT('',(-3.809660179072,22.891027994439,
    4.920663855909));
#1236 = CARTESIAN_POINT('',(-4.324649844652,22.803618661139,
    4.938575285259));
#1237 = CARTESIAN_POINT('',(-4.837333613718,22.702970410716,
    4.956487001984));
#1238 = CARTESIAN_POINT('',(-5.34731441877,22.589154847246,
    4.974398990564));
#1239 = CARTESIAN_POINT('',(-5.854198539566,22.462257709397,
    4.99231116054));
#1240 = CARTESIAN_POINT('',(-6.357595603124,22.322378870424,
    5.010223346515));
#1241 = CARTESIAN_POINT('',(-6.857118583725,22.169632338173,
    5.028135308157));
#1242 = CARTESIAN_POINT('',(-7.845878013054,21.839251930367,
    5.063894103136));
#1243 = CARTESIAN_POINT('',(-8.335146699244,21.661708387333,
    5.081741084421));
#1244 = CARTESIAN_POINT('',(-8.819810311262,21.471642501323,
    5.099587881814));
#1245 = CARTESIAN_POINT('',(-9.299495035559,21.269194269386,
    5.117434649023));
#1246 = CARTESIAN_POINT('',(-9.773832795251,21.054516810267,
    5.135281485707));
#1247 = CARTESIAN_POINT('',(-10.24246125011,20.82777636441,
    5.153128437469));
#1248 = CARTESIAN_POINT('',(-10.7050237966,20.589152293955,
    5.170975495863));
#1249 = CARTESIAN_POINT('',(-11.96185234911,19.899453245026,
    5.220150012972));
#1250 = CARTESIAN_POINT('',(-12.74278062863,19.424038224661,
    5.251478211087));
#1251 = CARTESIAN_POINT('',(-13.50204210145,18.913638639179,
    5.282806320458));
#1252 = CARTESIAN_POINT('',(-14.23781165462,18.36941465985,
    5.314134076868));
#1253 = CARTESIAN_POINT('',(-14.94834660344,17.79263334619,
    5.345461630771));
#1254 = CARTESIAN_POINT('',(-15.63198527625,17.184666291261,
    5.376789261583));
#1255 = CARTESIAN_POINT('',(-16.28714894774,16.546991577769,
    5.408116999647));
#1256 = CARTESIAN_POINT('',(-17.90606908928,14.82295691307,
    5.489237141048));
#1257 = CARTESIAN_POINT('',(-18.82422296558,13.693536104098,
    5.539035374539));
#1258 = CARTESIAN_POINT('',(-19.66069105075,12.499397489014,
    5.588831500279));
#1259 = CARTESIAN_POINT('',(-20.41020832254,11.247487172229,
    5.638625601224));
#1260 = CARTESIAN_POINT('',(-21.068253751,9.945169368407,5.688420725527)
  );
#1261 = CARTESIAN_POINT('',(-21.63101636128,8.600199530447,
    5.738219079887));
#1262 = CARTESIAN_POINT('',(-22.09543604356,7.220738728646,
    5.788018890055));
#1263 = CARTESIAN_POINT('',(-22.56989801606,5.38834958266,5.852943327078
    ));
#1264 = CARTESIAN_POINT('',(-22.67119651252,4.958886342818,5.86807460406
    ));
#1265 = CARTESIAN_POINT('',(-22.76315352498,4.527255511137,
    5.883205737187));
#1266 = CARTESIAN_POINT('',(-22.84571526605,4.093694320252,
    5.898336713574));
#1267 = CARTESIAN_POINT('',(-22.91883523554,3.65844128579,5.913467529717
    ));
#1268 = CARTESIAN_POINT('',(-22.98247422051,3.221736206381,
    5.928598191498));
#1269 = CARTESIAN_POINT('',(-23.03660029521,2.783820163647,5.94372871418
    ));
#1270 = CARTESIAN_POINT('',(-23.26213333899,0.563899522114,
    6.020259771278));
#1271 = CARTESIAN_POINT('',(-23.28605831214,-1.233540373018,
    6.081674011122));
#1272 = CARTESIAN_POINT('',(-23.15111559617,-3.030561167773,
    6.143080350875));
#1273 = CARTESIAN_POINT('',(-22.85785338603,-4.810781331525,
    6.204484722125));
#1274 = CARTESIAN_POINT('',(-22.40867358484,-6.558187190591,
    6.265902162295));
#1275 = CARTESIAN_POINT('',(-21.80783208944,-8.257154562124,
    6.327348793806));
#1276 = CARTESIAN_POINT('',(-21.06143135681,-9.892468412827,
    6.388815274443));
#1277 = CARTESIAN_POINT('',(-20.01532558159,-11.73606929121,
    6.461521711375));
#1278 = CARTESIAN_POINT('',(-19.84805351873,-12.0200223936,
    6.472822526782));
#1279 = CARTESIAN_POINT('',(-19.67617933245,-12.30124779056,
    6.484121396555));
#1280 = CARTESIAN_POINT('',(-19.49975500237,-12.57965852296,
    6.495417897706));
#1281 = CARTESIAN_POINT('',(-19.31883443792,-12.85516888278,
    6.506711538763));
#1282 = CARTESIAN_POINT('',(-19.13347347832,-13.12769441313,
    6.518001759772));
#1283 = CARTESIAN_POINT('',(-18.94372989263,-13.39715190828,
    6.529287932297));
#1284 = CARTESIAN_POINT('',(-18.74966337972,-13.66345941359,
    6.540569359419));
#1285 = PCURVE('',#235,#1286);
#1286 = DEFINITIONAL_REPRESENTATION('',(#1287),#1381);
#1287 = B_SPLINE_CURVE_WITH_KNOTS('',8,(#1288,#1289,#1290,#1291,#1292,
    #1293,#1294,#1295,#1296,#1297,#1298,#1299,#1300,#1301,#1302,#1303,
    #1304,#1305,#1306,#1307,#1308,#1309,#1310,#1311,#1312,#1313,#1314,
    #1315,#1316,#1317,#1318,#1319,#1320,#1321,#1322,#1323,#1324,#1325,
    #1326,#1327,#1328,#1329,#1330,#1331,#1332,#1333,#1334,#1335,#1336,
    #1337,#1338,#1339,#1340,#1341,#1342,#1343,#1344,#1345,#1346,#1347,
    #1348,#1349,#1350,#1351,#1352,#1353,#1354,#1355,#1356,#1357,#1358,
    #1359,#1360,#1361,#1362,#1363,#1364,#1365,#1366,#1367,#1368,#1369,
    #1370,#1371,#1372,#1373,#1374,#1375,#1376,#1377,#1378,#1379,#1380),
  .UNSPECIFIED.,.F.,.F.,(9,7,7,7,7,7,7,7,7,7,7,7,7,9),(0.,
    3.000373635761E-02,0.137345640881,0.235327136223,0.31104583779,
    0.370097514215,0.454070379537,0.501834689985,0.549428200986,
    0.632970145611,0.765755987376,0.806107722429,0.969858936324,1.),
  .UNSPECIFIED.);
#1288 = CARTESIAN_POINT('',(1.43083006467E-03,3.540569338076));
#1289 = CARTESIAN_POINT('',(1.556933581992E-02,3.55183729097));
#1290 = CARTESIAN_POINT('',(2.970785482603E-02,3.5631012595));
#1291 = CARTESIAN_POINT('',(4.384638471626E-02,3.574361872356));
#1292 = CARTESIAN_POINT('',(5.79849233329E-02,3.585619691119));
#1293 = CARTESIAN_POINT('',(7.212346872723E-02,3.596875210263));
#1294 = CARTESIAN_POINT('',(8.626201915955E-02,3.608128857149));
#1295 = CARTESIAN_POINT('',(0.100400573099,3.619380992029));
#1296 = CARTESIAN_POINT('',(0.165121480822,3.670883386675));
#1297 = CARTESIAN_POINT('',(0.215706223724,3.711121247286));
#1298 = CARTESIAN_POINT('',(0.266289926391,3.751356891587));
#1299 = CARTESIAN_POINT('',(0.316872313197,3.791595669286));
#1300 = CARTESIAN_POINT('',(0.367454686508,3.831839560285));
#1301 = CARTESIAN_POINT('',(0.418038352925,3.872088665273));
#1302 = CARTESIAN_POINT('',(0.468623053696,3.912341504701));
#1303 = CARTESIAN_POINT('',(0.56537687242,3.989336645866));
#1304 = CARTESIAN_POINT('',(0.611549835134,4.026081745205));
#1305 = CARTESIAN_POINT('',(0.657722132797,4.06282675127));
#1306 = CARTESIAN_POINT('',(0.703893601554,4.099570760344));
#1307 = CARTESIAN_POINT('',(0.750065072288,4.136314039014));
#1308 = CARTESIAN_POINT('',(0.796237374896,4.173057256354));
#1309 = CARTESIAN_POINT('',(0.842410342899,4.209800547204));
#1310 = CARTESIAN_POINT('',(0.92426247586,4.274935991173));
#1311 = CARTESIAN_POINT('',(0.959943553039,4.303329768551));
#1312 = CARTESIAN_POINT('',(0.995624447508,4.331723370829));
#1313 = CARTESIAN_POINT('',(1.031305111092,4.3601168844));
#1314 = CARTESIAN_POINT('',(1.066985773378,4.38851058001));
#1315 = CARTESIAN_POINT('',(1.102666664954,4.416904667265));
#1316 = CARTESIAN_POINT('',(1.138347740392,4.445299073516));
#1317 = CARTESIAN_POINT('',(1.201855117179,4.495837361041));
#1318 = CARTESIAN_POINT('',(1.229681877546,4.517981579728));
#1319 = CARTESIAN_POINT('',(1.257508666578,4.540125835263));
#1320 = CARTESIAN_POINT('',(1.285335469419,4.562270064848));
#1321 = CARTESIAN_POINT('',(1.313162271832,4.584414210821));
#1322 = CARTESIAN_POINT('',(1.340989060196,4.606558220654));
#1323 = CARTESIAN_POINT('',(1.368815821507,4.628702046955));
#1324 = CARTESIAN_POINT('',(1.436212792856,4.682334365413));
#1325 = CARTESIAN_POINT('',(1.475783740093,4.713823264628));
#1326 = CARTESIAN_POINT('',(1.51535438074,4.745311522821));
#1327 = CARTESIAN_POINT('',(1.554924636609,4.776799128473));
#1328 = CARTESIAN_POINT('',(1.594494892428,4.808286611203));
#1329 = CARTESIAN_POINT('',(1.634065532881,4.839774650048));
#1330 = CARTESIAN_POINT('',(1.673636479937,4.871263559676));
#1331 = CARTESIAN_POINT('',(1.735714545622,4.920663855909));
#1332 = CARTESIAN_POINT('',(1.758222373898,4.938575285259));
#1333 = CARTESIAN_POINT('',(1.780730210749,4.956487001984));
#1334 = CARTESIAN_POINT('',(1.803238051687,4.974398990564));
#1335 = CARTESIAN_POINT('',(1.825745892275,4.99231116054));
#1336 = CARTESIAN_POINT('',(1.84825372813,5.010223346515));
#1337 = CARTESIAN_POINT('',(1.870761554924,5.028135308157));
#1338 = CARTESIAN_POINT('',(1.915696696595,5.063894103136));
#1339 = CARTESIAN_POINT('',(1.938124039609,5.081741084421));
#1340 = CARTESIAN_POINT('',(1.960551392515,5.099587881814));
#1341 = CARTESIAN_POINT('',(1.982978750385,5.117434649023));
#1342 = CARTESIAN_POINT('',(2.00540610827,5.135281485707));
#1343 = CARTESIAN_POINT('',(2.027833461204,5.153128437469));
#1344 = CARTESIAN_POINT('',(2.050260804195,5.170975495863));
#1345 = CARTESIAN_POINT('',(2.112055318178,5.220150012972));
#1346 = CARTESIAN_POINT('',(2.151423181055,5.251478211087));
#1347 = CARTESIAN_POINT('',(2.190790743026,5.282806320458));
#1348 = CARTESIAN_POINT('',(2.230157929198,5.314134076868));
#1349 = CARTESIAN_POINT('',(2.269525115889,5.345461630771));
#1350 = CARTESIAN_POINT('',(2.308892679119,5.376789261583));
#1351 = CARTESIAN_POINT('',(2.348260543343,5.408116999647));
#1352 = CARTESIAN_POINT('',(2.450199952013,5.489237141048));
#1353 = CARTESIAN_POINT('',(2.512778890095,5.539035374539));
#1354 = CARTESIAN_POINT('',(2.575354838779,5.588831500279));
#1355 = CARTESIAN_POINT('',(2.637927051173,5.638625601224));
#1356 = CARTESIAN_POINT('',(2.700499261723,5.688420725527));
#1357 = CARTESIAN_POINT('',(2.763075206623,5.738219079887));
#1358 = CARTESIAN_POINT('',(2.825654142292,5.788018890055));
#1359 = CARTESIAN_POINT('',(2.907241172468,5.852943327078));
#1360 = CARTESIAN_POINT('',(2.92625599419,5.86807460406));
#1361 = CARTESIAN_POINT('',(2.945270822155,5.883205737187));
#1362 = CARTESIAN_POINT('',(2.964285652427,5.898336713574));
#1363 = CARTESIAN_POINT('',(2.983300482041,5.913467529717));
#1364 = CARTESIAN_POINT('',(3.002315309008,5.928598191498));
#1365 = CARTESIAN_POINT('',(3.02133013231,5.94372871418));
#1366 = CARTESIAN_POINT('',(3.117508914899,6.020259771278));
#1367 = CARTESIAN_POINT('',(3.194692228544,6.081674011122));
#1368 = CARTESIAN_POINT('',(3.271865628097,6.143080350875));
#1369 = CARTESIAN_POINT('',(3.349030301684,6.204484722125));
#1370 = CARTESIAN_POINT('',(3.426195010487,6.265902162295));
#1371 = CARTESIAN_POINT('',(3.503368494648,6.327348793806));
#1372 = CARTESIAN_POINT('',(3.58055184445,6.388815274443));
#1373 = CARTESIAN_POINT('',(3.671918970058,6.461521711375));
#1374 = CARTESIAN_POINT('',(3.686122236797,6.472822526782));
#1375 = CARTESIAN_POINT('',(3.70032551086,6.484121396555));
#1376 = CARTESIAN_POINT('',(3.714528792668,6.495417897706));
#1377 = CARTESIAN_POINT('',(3.728732082891,6.506711538763));
#1378 = CARTESIAN_POINT('',(3.742935382443,6.518001759772));
#1379 = CARTESIAN_POINT('',(3.757138692486,6.529287932297));
#1380 = CARTESIAN_POINT('',(3.77134201443,6.540569359419));
#1381 = ( GEOMETRIC_REPRESENTATION_CONTEXT(2) 
PARAMETRIC_REPRESENTATION_CONTEXT() REPRESENTATION_CONTEXT('2D SPACE',''
  ) );
#1382 = PCURVE('',#1383,#1406);
#1383 = ( BOUNDED_SURFACE() B_SPLINE_SURFACE(1,6,(
    (#1384,#1385,#1386,#1387,#1388,#1389,#1390,#1391,#1392,#1393,#1394)
    ,(#1395,#1396,#1397,#1398,#1399,#1400,#1401,#1402,#1403,#1404,#1405
)),.UNSPECIFIED.,.F.,.F.,.F.) B_SPLINE_SURFACE_WITH_KNOTS((2,2),(7,4,7),
(4.,5.),(0.,0.5,1.),.UNSPECIFIED.) GEOMETRIC_REPRESENTATION_ITEM() 
RATIONAL_B_SPLINE_SURFACE((
    (1.,1.,1.,1.,1.,1.,1.,1.,1.,1.,1.)
,(1.,1.,1.,1.,1.,1.,1.,1.,1.,1.,1.
  ))) REPRESENTATION_ITEM('') SURFACE() );
#1384 = CARTESIAN_POINT('',(24.249999999619,2.593365778609E-02,
    3.750448503205));
#1385 = CARTESIAN_POINT('',(24.239645705955,7.645726898847,
    4.000448503383));
#1386 = CARTESIAN_POINT('',(21.367974194285,15.255142720349,
    4.250448504383));
#1387 = CARTESIAN_POINT('',(15.599899198464,21.527587087518,
    4.500448507798));
#1388 = CARTESIAN_POINT('',(7.857533790183,25.04899409777,4.750448511501
    ));
#1389 = CARTESIAN_POINT('',(-8.408557311418,25.785018155434,
    5.250448519804));
#1390 = CARTESIAN_POINT('',(-21.11372511828,15.601395904939,
    5.750448526297));
#1391 = CARTESIAN_POINT('',(-25.29176266059,8.192716417831,
    6.000448528187));
#1392 = CARTESIAN_POINT('',(-26.2532756122,-0.274262992926,
    6.250448529163));
#1393 = CARTESIAN_POINT('',(-24.08703184343,-8.113720522058,
    6.500448527599));
#1394 = CARTESIAN_POINT('',(-19.60341869063,-14.27477313868,
    6.750448525493));
#1395 = CARTESIAN_POINT('',(22.999999999491,3.457821035238E-02,
    3.500598005121));
#1396 = CARTESIAN_POINT('',(22.987043111671,7.261597696228,
    3.750598005299));
#1397 = CARTESIAN_POINT('',(20.260262598054,14.477596954763,
    4.000598006226));
#1398 = CARTESIAN_POINT('',(14.786926769347,20.424348062385,
    4.250598009491));
#1399 = CARTESIAN_POINT('',(7.442199539494,23.761054030871,
    4.500598012993));
#1400 = CARTESIAN_POINT('',(-7.98574336643,24.452443886486,
    5.000598020869));
#1401 = CARTESIAN_POINT('',(-20.0318196184,14.788516673651,
    5.500598027027));
#1402 = CARTESIAN_POINT('',(-23.99144681805,7.760004936371,
    5.750598028806));
#1403 = CARTESIAN_POINT('',(-24.89991265275,-0.270931724987,
    6.000598029755));
#1404 = CARTESIAN_POINT('',(-22.84210324954,-7.705405326392,
    6.250598028246));
#1405 = CARTESIAN_POINT('',(-18.58706630727,-13.54703516325,
    6.500598026257));
#1406 = DEFINITIONAL_REPRESENTATION('',(#1407),#1501);
#1407 = B_SPLINE_CURVE_WITH_KNOTS('',8,(#1408,#1409,#1410,#1411,#1412,
    #1413,#1414,#1415,#1416,#1417,#1418,#1419,#1420,#1421,#1422,#1423,
    #1424,#1425,#1426,#1427,#1428,#1429,#1430,#1431,#1432,#1433,#1434,
    #1435,#1436,#1437,#1438,#1439,#1440,#1441,#1442,#1443,#1444,#1445,
    #1446,#1447,#1448,#1449,#1450,#1451,#1452,#1453,#1454,#1455,#1456,
    #1457,#1458,#1459,#1460,#1461,#1462,#1463,#1464,#1465,#1466,#1467,
    #1468,#1469,#1470,#1471,#1472,#1473,#1474,#1475,#1476,#1477,#1478,
    #1479,#1480,#1481,#1482,#1483,#1484,#1485,#1486,#1487,#1488,#1489,
    #1490,#1491,#1492,#1493,#1494,#1495,#1496,#1497,#1498,#1499,#1500),
  .UNSPECIFIED.,.F.,.F.,(9,7,7,7,7,7,7,7,7,7,7,7,7,9),(0.,
    3.000373635761E-02,0.137345640881,0.235327136223,0.31104583779,
    0.370097514215,0.454070379537,0.501834689985,0.549428200986,
    0.632970145611,0.765755987376,0.806107722429,0.969858936324,1.),
  .UNSPECIFIED.);
#1408 = CARTESIAN_POINT('',(4.840018998315,0.));
#1409 = CARTESIAN_POINT('',(4.83994304555,3.749658683497E-03));
#1410 = CARTESIAN_POINT('',(4.839884491496,7.499438270254E-03));
#1411 = CARTESIAN_POINT('',(4.839840699911,1.12493287687E-02));
#1412 = CARTESIAN_POINT('',(4.839809303863,1.499932024632E-02));
#1413 = CARTESIAN_POINT('',(4.839788205729,1.874940282966E-02));
#1414 = CARTESIAN_POINT('',(4.839775577195,2.249956670433E-02));
#1415 = CARTESIAN_POINT('',(4.839769859258,2.624980211499E-02));
#1416 = CARTESIAN_POINT('',(4.839769415065,4.341722997164E-02));
#1417 = CARTESIAN_POINT('',(4.839840653595,5.683578313607E-02));
#1418 = CARTESIAN_POINT('',(4.839921911183,7.025443194277E-02));
#1419 = CARTESIAN_POINT('',(4.839986856947,8.367276669907E-02));
#1420 = CARTESIAN_POINT('',(4.840029167332,9.709092072435E-02));
#1421 = CARTESIAN_POINT('',(4.840051617346,0.110509158693));
#1422 = CARTESIAN_POINT('',(4.84005949148,0.123927427535));
#1423 = CARTESIAN_POINT('',(4.840057239739,0.149592286871));
#1424 = CARTESIAN_POINT('',(4.840048581899,0.161839932165));
#1425 = CARTESIAN_POINT('',(4.840036607457,0.17408727014));
#1426 = CARTESIAN_POINT('',(4.840025221583,0.186334324795));
#1427 = CARTESIAN_POINT('',(4.840016834701,0.198581385741));
#1428 = CARTESIAN_POINT('',(4.840012035912,0.210828725065));
#1429 = CARTESIAN_POINT('',(4.840010073052,0.223076325073));
#1430 = CARTESIAN_POINT('',(4.840010190645,0.244788149271));
#1431 = CARTESIAN_POINT('',(4.840011436262,0.254252845357));
#1432 = CARTESIAN_POINT('',(4.840013452919,0.263717547287));
#1433 = CARTESIAN_POINT('',(4.840015662657,0.273182235726));
#1434 = CARTESIAN_POINT('',(4.840017553317,0.282646958268));
#1435 = CARTESIAN_POINT('',(4.840018809977,0.292111758554));
#1436 = CARTESIAN_POINT('',(4.840019357375,0.3015766061));
#1437 = CARTESIAN_POINT('',(4.840019278948,0.318422695179));
#1438 = CARTESIAN_POINT('',(4.840018849427,0.325804065534));
#1439 = CARTESIAN_POINT('',(4.840018145804,0.333185425342));
#1440 = CARTESIAN_POINT('',(4.840017298208,0.340566764509));
#1441 = CARTESIAN_POINT('',(4.840016445845,0.347948075407));
#1442 = CARTESIAN_POINT('',(4.840015736996,0.355329352876));
#1443 = CARTESIAN_POINT('',(4.840015329017,0.362710594225));
#1444 = CARTESIAN_POINT('',(4.840015472698,0.380588045418));
#1445 = CARTESIAN_POINT('',(4.840016434473,0.391084425102));
#1446 = CARTESIAN_POINT('',(4.840018488244,0.401580682057));
#1447 = CARTESIAN_POINT('',(4.840021689318,0.412076817049));
#1448 = CARTESIAN_POINT('',(4.840025507482,0.422572962461));
#1449 = CARTESIAN_POINT('',(4.840028850314,0.433069253656));
#1450 = CARTESIAN_POINT('',(4.840030536023,0.443565697102));
#1451 = CARTESIAN_POINT('',(4.840030033713,0.460032420437));
#1452 = CARTESIAN_POINT('',(4.840029284045,0.466002834365));
#1453 = CARTESIAN_POINT('',(4.840027746348,0.471973278455));
#1454 = CARTESIAN_POINT('',(4.840025465204,0.477943751246));
#1455 = CARTESIAN_POINT('',(4.840022750271,0.483914248376));
#1456 = CARTESIAN_POINT('',(4.840020176275,0.489884762578));
#1457 = CARTESIAN_POINT('',(4.840018583017,0.495855283681));
#1458 = CARTESIAN_POINT('',(4.840019565954,0.507774963702));
#1459 = CARTESIAN_POINT('',(4.840021632067,0.513724129453));
#1460 = CARTESIAN_POINT('',(4.8400243044,0.519673284396));
#1461 = CARTESIAN_POINT('',(4.840026862128,0.525622419734));
#1462 = CARTESIAN_POINT('',(4.840028832906,0.531571529348));
#1463 = CARTESIAN_POINT('',(4.84002999287,0.537520609795));
#1464 = CARTESIAN_POINT('',(4.840030366635,0.543469660309));
#1465 = CARTESIAN_POINT('',(4.840029982709,0.559861133825));
#1466 = CARTESIAN_POINT('',(4.840027850799,0.570303688844));
#1467 = CARTESIAN_POINT('',(4.84002434909,0.580746100205));
#1468 = CARTESIAN_POINT('',(4.840020633558,0.591188376108));
#1469 = CARTESIAN_POINT('',(4.840017691811,0.601630648957));
#1470 = CARTESIAN_POINT('',(4.840015946209,0.612073047066));
#1471 = CARTESIAN_POINT('',(4.84001526693,0.622515569738));
#1472 = CARTESIAN_POINT('',(4.840015598479,0.649555644211));
#1473 = CARTESIAN_POINT('',(4.840017770576,0.66615523612));
#1474 = CARTESIAN_POINT('',(4.840020955469,0.682754209808));
#1475 = CARTESIAN_POINT('',(4.840021857891,0.699352318486));
#1476 = CARTESIAN_POINT('',(4.84001889635,0.715950446494));
#1477 = CARTESIAN_POINT('',(4.840013695743,0.732549464726));
#1478 = CARTESIAN_POINT('',(4.840010019326,0.749149095184));
#1479 = CARTESIAN_POINT('',(4.840010176738,0.77079058722));
#1480 = CARTESIAN_POINT('',(4.840010555973,0.775834377781));
#1481 = CARTESIAN_POINT('',(4.84001135591,0.780878155429));
#1482 = CARTESIAN_POINT('',(4.840012627797,0.785921920137));
#1483 = CARTESIAN_POINT('',(4.84001439598,0.790965672766));
#1484 = CARTESIAN_POINT('',(4.8400166579,0.796009415063));
#1485 = CARTESIAN_POINT('',(4.840019384095,0.801053149661));
#1486 = CARTESIAN_POINT('',(4.840035236704,0.826564822249));
#1487 = CARTESIAN_POINT('',(4.840054546272,0.847037843695));
#1488 = CARTESIAN_POINT('',(4.840075982864,0.86750840895));
#1489 = CARTESIAN_POINT('',(4.840083839659,0.887977187096));
#1490 = CARTESIAN_POINT('',(4.840049806612,0.908446832841));
#1491 = CARTESIAN_POINT('',(4.839936178429,0.928919580099));
#1492 = CARTESIAN_POINT('',(4.839770207113,0.949394584436));
#1493 = CARTESIAN_POINT('',(4.839769679826,0.973630019673));
#1494 = CARTESIAN_POINT('',(4.839775233495,0.977397420699));
#1495 = CARTESIAN_POINT('',(4.839787724809,0.981164750972));
#1496 = CARTESIAN_POINT('',(4.839808729804,0.984932000754));
#1497 = CARTESIAN_POINT('',(4.839840098541,0.9886991603));
#1498 = CARTESIAN_POINT('',(4.839883955109,0.992466219861));
#1499 = CARTESIAN_POINT('',(4.839942697623,0.996233169681));
#1500 = CARTESIAN_POINT('',(4.840018998223,1.));
#1501 = ( GEOMETRIC_REPRESENTATION_CONTEXT(2) 
PARAMETRIC_REPRESENTATION_CONTEXT() REPRESENTATION_CONTEXT('2D SPACE',''
  ) );
#1502 = ORIENTED_EDGE('',*,*,#1503,.F.);
#1503 = EDGE_CURVE('',#1504,#1188,#1506,.T.);
#1504 = VERTEX_POINT('',#1505);
#1505 = CARTESIAN_POINT('',(23.2,-5.682361148044E-15,3.539475040319));
#1506 = SURFACE_CURVE('',#1507,(#1510,#1516),.PCURVE_S1.);
#1507 = B_SPLINE_CURVE_WITH_KNOTS('',1,(#1508,#1509),.UNSPECIFIED.,.F.,
  .F.,(2,2),(0.,1.),.PIECEWISE_BEZIER_KNOTS.);
#1508 = CARTESIAN_POINT('',(23.2,-4.158486213592E-15,3.539475040319));
#1509 = CARTESIAN_POINT('',(23.199976251618,3.319524617357E-02,
    3.54056933808));
#1510 = PCURVE('',#235,#1511);
#1511 = DEFINITIONAL_REPRESENTATION('',(#1512),#1515);
#1512 = B_SPLINE_CURVE_WITH_KNOTS('',1,(#1513,#1514),.UNSPECIFIED.,.F.,
  .F.,(2,2),(0.,1.),.PIECEWISE_BEZIER_KNOTS.);
#1513 = CARTESIAN_POINT('',(0.,3.539475040319));
#1514 = CARTESIAN_POINT('',(1.430830064664E-03,3.54056933808));
#1515 = ( GEOMETRIC_REPRESENTATION_CONTEXT(2) 
PARAMETRIC_REPRESENTATION_CONTEXT() REPRESENTATION_CONTEXT('2D SPACE',''
  ) );
#1516 = PCURVE('',#1517,#1540);
#1517 = ( BOUNDED_SURFACE() B_SPLINE_SURFACE(1,6,(
    (#1518,#1519,#1520,#1521,#1522,#1523,#1524,#1525,#1526,#1527,#1528)
    ,(#1529,#1530,#1531,#1532,#1533,#1534,#1535,#1536,#1537,#1538,#1539
)),.UNSPECIFIED.,.F.,.F.,.F.) B_SPLINE_SURFACE_WITH_KNOTS((2,2),(7,4,7),
(4.,5.),(0.,0.5,1.),.UNSPECIFIED.) GEOMETRIC_REPRESENTATION_ITEM() 
RATIONAL_B_SPLINE_SURFACE((
    (1.,1.,1.,1.,1.,1.,1.,1.,1.,1.,1.)
,(1.,1.,1.,1.,1.,1.,1.,1.,1.,1.,1.
  ))) REPRESENTATION_ITEM('') SURFACE() );
#1518 = CARTESIAN_POINT('',(24.25,2.593365776377E-02,-1.24955149616));
#1519 = CARTESIAN_POINT('',(24.150791942547,12.720199704583,
    -0.832884829492));
#1520 = CARTESIAN_POINT('',(16.496599094252,25.406386230117,
    -0.416218162873));
#1521 = CARTESIAN_POINT('',(-0.178083119563,31.898869241865,
    4.485038584845E-04));
#1522 = CARTESIAN_POINT('',(-16.33111228543,25.371279317479,
    0.417115170526));
#1523 = CARTESIAN_POINT('',(-32.19603914765,-3.443138394256E-02,
    1.250448503841));
#1524 = CARTESIAN_POINT('',(-16.27680941925,-25.40615118065,
    2.083781837154));
#1525 = CARTESIAN_POINT('',(-0.10985562674,-31.89917717193,
    2.500448503822));
#1526 = CARTESIAN_POINT('',(16.550901960433,-25.37104426801,
    2.917115170554));
#1527 = CARTESIAN_POINT('',(24.177943375638,-12.66851554448,
    3.333781837173));
#1528 = CARTESIAN_POINT('',(24.25,2.593365776411E-02,3.75044850384));
#1529 = CARTESIAN_POINT('',(23.,3.457821035239E-02,-1.499401994879));
#1530 = CARTESIAN_POINT('',(22.900680741592,12.074465400017,
    -1.082735328211));
#1531 = CARTESIAN_POINT('',(15.635808899369,24.103579894636,
    -0.666068661593));
#1532 = CARTESIAN_POINT('',(-0.182033267157,30.254538373744,
    -0.249401994861));
#1533 = CARTESIAN_POINT('',(-15.49975240987,24.056770677787,
    0.167264671806));
#1534 = CARTESIAN_POINT('',(-30.53644950091,-4.590851192461E-02,
    1.000598005121));
#1535 = CARTESIAN_POINT('',(-15.42734858829,-24.10326649534,
    1.833931338435));
#1536 = CARTESIAN_POINT('',(-9.106327672851E-02,-30.25494894716,
    2.250598005103));
#1537 = CARTESIAN_POINT('',(15.708212720944,-24.05645727849,
    2.667264671834));
#1538 = CARTESIAN_POINT('',(22.93688265238,-12.00555318655,
    3.083931338453));
#1539 = CARTESIAN_POINT('',(23.,3.457821035238E-02,3.500598005121));
#1540 = DEFINITIONAL_REPRESENTATION('',(#1541),#1544);
#1541 = B_SPLINE_CURVE_WITH_KNOTS('',1,(#1542,#1543),.UNSPECIFIED.,.F.,
  .F.,(2,2),(0.,1.),.PIECEWISE_BEZIER_KNOTS.);
#1542 = CARTESIAN_POINT('',(4.839840863447,0.999772239011));
#1543 = CARTESIAN_POINT('',(4.840018998706,1.));
#1544 = ( GEOMETRIC_REPRESENTATION_CONTEXT(2) 
PARAMETRIC_REPRESENTATION_CONTEXT() REPRESENTATION_CONTEXT('2D SPACE',''
  ) );
#1545 = ORIENTED_EDGE('',*,*,#1546,.F.);
#1546 = EDGE_CURVE('',#1547,#1504,#1549,.T.);
#1547 = VERTEX_POINT('',#1548);
#1548 = CARTESIAN_POINT('',(23.2,-5.682361148044E-15,0.));
#1549 = SEAM_CURVE('',#1550,(#1554,#1561),.PCURVE_S1.);
#1550 = LINE('',#1551,#1552);
#1551 = CARTESIAN_POINT('',(23.2,-5.682361148044E-15,0.));
#1552 = VECTOR('',#1553,1.);
#1553 = DIRECTION('',(0.,0.,1.));
#1554 = PCURVE('',#235,#1555);
#1555 = DEFINITIONAL_REPRESENTATION('',(#1556),#1560);
#1556 = LINE('',#1557,#1558);
#1557 = CARTESIAN_POINT('',(6.28318530718,-0.));
#1558 = VECTOR('',#1559,1.);
#1559 = DIRECTION('',(0.,1.));
#1560 = ( GEOMETRIC_REPRESENTATION_CONTEXT(2) 
PARAMETRIC_REPRESENTATION_CONTEXT() REPRESENTATION_CONTEXT('2D SPACE',''
  ) );
#1561 = PCURVE('',#235,#1562);
#1562 = DEFINITIONAL_REPRESENTATION('',(#1563),#1567);
#1563 = LINE('',#1564,#1565);
#1564 = CARTESIAN_POINT('',(0.,-0.));
#1565 = VECTOR('',#1566,1.);
#1566 = DIRECTION('',(0.,1.));
#1567 = ( GEOMETRIC_REPRESENTATION_CONTEXT(2) 
PARAMETRIC_REPRESENTATION_CONTEXT() REPRESENTATION_CONTEXT('2D SPACE',''
  ) );
#1568 = ORIENTED_EDGE('',*,*,#1569,.T.);
#1569 = EDGE_CURVE('',#1547,#1547,#1570,.T.);
#1570 = SURFACE_CURVE('',#1571,(#1576,#1583),.PCURVE_S1.);
#1571 = CIRCLE('',#1572,23.2);
#1572 = AXIS2_PLACEMENT_3D('',#1573,#1574,#1575);
#1573 = CARTESIAN_POINT('',(0.,0.,0.));
#1574 = DIRECTION('',(0.,0.,1.));
#1575 = DIRECTION('',(1.,0.,0.));
#1576 = PCURVE('',#235,#1577);
#1577 = DEFINITIONAL_REPRESENTATION('',(#1578),#1582);
#1578 = LINE('',#1579,#1580);
#1579 = CARTESIAN_POINT('',(0.,0.));
#1580 = VECTOR('',#1581,1.);
#1581 = DIRECTION('',(1.,0.));
#1582 = ( GEOMETRIC_REPRESENTATION_CONTEXT(2) 
PARAMETRIC_REPRESENTATION_CONTEXT() REPRESENTATION_CONTEXT('2D SPACE',''
  ) );
#1583 = PCURVE('',#1584,#1589);
#1584 = PLANE('',#1585);
#1585 = AXIS2_PLACEMENT_3D('',#1586,#1587,#1588);
#1586 = CARTESIAN_POINT('',(0.,0.,0.));
#1587 = DIRECTION('',(0.,0.,1.));
#1588 = DIRECTION('',(1.,0.,0.));
#1589 = DEFINITIONAL_REPRESENTATION('',(#1590),#1594);
#1590 = CIRCLE('',#1591,23.2);
#1591 = AXIS2_PLACEMENT_2D('',#1592,#1593);
#1592 = CARTESIAN_POINT('',(0.,0.));
#1593 = DIRECTION('',(1.,0.));
#1594 = ( GEOMETRIC_REPRESENTATION_CONTEXT(2) 
PARAMETRIC_REPRESENTATION_CONTEXT() REPRESENTATION_CONTEXT('2D SPACE',''
  ) );
#1595 = ORIENTED_EDGE('',*,*,#1546,.T.);
#1596 = ORIENTED_EDGE('',*,*,#1597,.F.);
#1597 = EDGE_CURVE('',#1598,#1504,#1600,.T.);
#1598 = VERTEX_POINT('',#1599);
#1599 = CARTESIAN_POINT('',(-8.253012383103,-21.68243036664,2.));
#1600 = SURFACE_CURVE('',#1601,(#1667,#1736),.PCURVE_S1.);
#1601 = B_SPLINE_CURVE_WITH_KNOTS('',8,(#1602,#1603,#1604,#1605,#1606,
    #1607,#1608,#1609,#1610,#1611,#1612,#1613,#1614,#1615,#1616,#1617,
    #1618,#1619,#1620,#1621,#1622,#1623,#1624,#1625,#1626,#1627,#1628,
    #1629,#1630,#1631,#1632,#1633,#1634,#1635,#1636,#1637,#1638,#1639,
    #1640,#1641,#1642,#1643,#1644,#1645,#1646,#1647,#1648,#1649,#1650,
    #1651,#1652,#1653,#1654,#1655,#1656,#1657,#1658,#1659,#1660,#1661,
    #1662,#1663,#1664,#1665,#1666),.UNSPECIFIED.,.F.,.F.,(9,7,7,7,7,7,7,
    7,7,9),(0.,7.988855470522E-02,0.284015270208,0.584668939106,
    0.865656692072,0.889686208705,0.906730788375,0.929756201949,
    0.960769219607,1.),.UNSPECIFIED.);
#1602 = CARTESIAN_POINT('',(-10.51896503017,-20.67828268241,
    1.914946600647));
#1603 = CARTESIAN_POINT('',(-10.09745289301,-20.89270432944,
    1.931165729138));
#1604 = CARTESIAN_POINT('',(-9.670945022634,-21.09730651319,
    1.947385625979));
#1605 = CARTESIAN_POINT('',(-9.23970910126,-21.29195310435,
    1.963606432073));
#1606 = CARTESIAN_POINT('',(-8.804016515477,-21.47651701608,
    1.979828250532));
#1607 = CARTESIAN_POINT('',(-8.364142356219,-21.65088020406,
    1.996051146682));
#1608 = CARTESIAN_POINT('',(-7.920365418773,-21.81493366643,
    2.012275148063));
#1609 = CARTESIAN_POINT('',(-7.472968202777,-21.96857744382,
    2.028500244427));
#1610 = CARTESIAN_POINT('',(-5.870553817505,-22.47747196355,
    2.086186511179));
#1611 = CARTESIAN_POINT('',(-4.697039069587,-22.77468792701,
    2.127655642099));
#1612 = CARTESIAN_POINT('',(-3.506539141584,-23.00181604302,
    2.169129856926));
#1613 = CARTESIAN_POINT('',(-2.303949614169,-23.15775608774,
    2.210606199141));
#1614 = CARTESIAN_POINT('',(-1.094208808481,-23.24181719102,
    2.252081461259));
#1615 = CARTESIAN_POINT('',(0.11770569349,-23.25370366219,2.293551450235
    ));
#1616 = CARTESIAN_POINT('',(1.326777641002,-23.19352953054,
    2.335010736285));
#1617 = CARTESIAN_POINT('',(4.29712942637,-22.86793134928,2.437492098323
    ));
#1618 = CARTESIAN_POINT('',(6.049741617099,-22.51884257991,
    2.498513720697));
#1619 = CARTESIAN_POINT('',(7.769251120168,-22.01627318201,
    2.559484329797));
#1620 = CARTESIAN_POINT('',(9.440024932303,-21.36409624724,
    2.620402013691));
#1621 = CARTESIAN_POINT('',(11.047157243239,-20.56788507337,2.6812874238
    ));
#1622 = CARTESIAN_POINT('',(12.576489314413,-19.63490734261,
    2.74218602569));
#1623 = CARTESIAN_POINT('',(14.01462899686,-18.57411576618,
    2.803154358948));
#1624 = CARTESIAN_POINT('',(16.596477704813,-16.29612511632,
    2.921281666929));
#1625 = CARTESIAN_POINT('',(17.753807568075,-15.09323990645,
    2.97845249692));
#1626 = CARTESIAN_POINT('',(18.811016979877,-13.79682136008,
    3.035748931025));
#1627 = CARTESIAN_POINT('',(19.759391633364,-12.41670393718,
    3.093199731083));
#1628 = CARTESIAN_POINT('',(20.591452889576,-10.96350892795,
    3.150814117618));
#1629 = CARTESIAN_POINT('',(21.300883393786,-9.448582621506,
    3.208543213129));
#1630 = CARTESIAN_POINT('',(21.882611409109,-7.884034362319,
    3.266242258949));
#1631 = CARTESIAN_POINT('',(22.371585222696,-6.145926152521,
    3.328555114997));
#1632 = CARTESIAN_POINT('',(22.409147545759,-6.008726454557,
    3.333462093563));
#1633 = CARTESIAN_POINT('',(22.445748216427,-5.871264517393,
    3.338366835882));
#1634 = CARTESIAN_POINT('',(22.481385103941,-5.733548195036,
    3.343269180611));
#1635 = CARTESIAN_POINT('',(22.516056154597,-5.595585361054,
    3.348168960759));
#1636 = CARTESIAN_POINT('',(22.549759391748,-5.457383908576,
    3.353066003682));
#1637 = CARTESIAN_POINT('',(22.582492915799,-5.318951750291,
    3.357960131084));
#1638 = CARTESIAN_POINT('',(22.63678426884,-5.081946316084,
    3.366320455405));
#1639 = CARTESIAN_POINT('',(22.658824821745,-4.983483731145,
    3.369788192231));
#1640 = CARTESIAN_POINT('',(22.680375913224,-4.884911890942,
    3.37325430394));
#1641 = CARTESIAN_POINT('',(22.701436912936,-4.786233628602,
    3.376718723463));
#1642 = CARTESIAN_POINT('',(22.722007209902,-4.687451783068,
    3.380181382215));
#1643 = CARTESIAN_POINT('',(22.742086212505,-4.588569199102,3.3836422101
    ));
#1644 = CARTESIAN_POINT('',(22.761673348491,-4.489588727283,
    3.387101135503));
#1645 = CARTESIAN_POINT('',(22.80656299523,-4.256672760812,3.39522805665
    ));
#1646 = CARTESIAN_POINT('',(22.831459305858,-4.122658856574,
    3.399894423244));
#1647 = CARTESIAN_POINT('',(22.855455636075,-3.988478541375,
    3.40455700521));
#1648 = CARTESIAN_POINT('',(22.87855069115,-3.854138856694,
    3.409215617818));
#1649 = CARTESIAN_POINT('',(22.900743242395,-3.719646855406,
    3.413870071471));
#1650 = CARTESIAN_POINT('',(22.922032127168,-3.585009601775,
    3.418520171713));
#1651 = CARTESIAN_POINT('',(22.942416248871,-3.450234171461,
    3.423165719224));
#1652 = CARTESIAN_POINT('',(22.988130011587,-3.133621543531,
    3.434057208436));
#1653 = CARTESIAN_POINT('',(23.012722201843,-2.951677612702,
    3.440299277548));
#1654 = CARTESIAN_POINT('',(23.035668629106,-2.769513179099,
    3.446532217978));
#1655 = CARTESIAN_POINT('',(23.056966993972,-2.587145589401,
    3.452755514904));
#1656 = CARTESIAN_POINT('',(23.076615216247,-2.404592216903,
    3.45896863786));
#1657 = CARTESIAN_POINT('',(23.094611434949,-2.22187046151,
    3.465171040739));
#1658 = CARTESIAN_POINT('',(23.110954008307,-2.03899774974,3.47136216179
    ));
#1659 = CARTESIAN_POINT('',(23.14422088283,-1.624492726359,
    3.485358052967));
#1660 = CARTESIAN_POINT('',(23.16015186628,-1.392780269371,
    3.493155707187));
#1661 = CARTESIAN_POINT('',(23.173431583431,-1.160889498491,
    3.500933216145));
#1662 = CARTESIAN_POINT('',(23.18405772002,-0.928855782003,
    3.508689372749));
#1663 = CARTESIAN_POINT('',(23.192028528198,-0.696714521743,
    3.51642293295));
#1664 = CARTESIAN_POINT('',(23.197342826531,-0.464501153102,
    3.524132615744));
#1665 = CARTESIAN_POINT('',(23.2,-0.232251145022,3.531817103172));
#1666 = CARTESIAN_POINT('',(23.2,-3.552713678801E-15,3.539475040319));
#1667 = PCURVE('',#235,#1668);
#1668 = DEFINITIONAL_REPRESENTATION('',(#1669),#1735);
#1669 = B_SPLINE_CURVE_WITH_KNOTS('',8,(#1670,#1671,#1672,#1673,#1674,
    #1675,#1676,#1677,#1678,#1679,#1680,#1681,#1682,#1683,#1684,#1685,
    #1686,#1687,#1688,#1689,#1690,#1691,#1692,#1693,#1694,#1695,#1696,
    #1697,#1698,#1699,#1700,#1701,#1702,#1703,#1704,#1705,#1706,#1707,
    #1708,#1709,#1710,#1711,#1712,#1713,#1714,#1715,#1716,#1717,#1718,
    #1719,#1720,#1721,#1722,#1723,#1724,#1725,#1726,#1727,#1728,#1729,
    #1730,#1731,#1732,#1733,#1734),.UNSPECIFIED.,.F.,.F.,(9,7,7,7,7,7,7,
    7,7,9),(0.,7.988855470522E-02,0.284015270208,0.584668939106,
    0.865656692072,0.889686208705,0.906730788375,0.929756201949,
    0.960769219607,1.),.UNSPECIFIED.);
#1670 = CARTESIAN_POINT('',(4.24180859184,1.914946600647));
#1671 = CARTESIAN_POINT('',(4.26219288311,1.931165729138));
#1672 = CARTESIAN_POINT('',(4.282577180613,1.947385625979));
#1673 = CARTESIAN_POINT('',(4.302961481135,1.963606432073));
#1674 = CARTESIAN_POINT('',(4.323345781545,1.979828250532));
#1675 = CARTESIAN_POINT('',(4.343730078796,1.996051146682));
#1676 = CARTESIAN_POINT('',(4.364114369925,2.012275148063));
#1677 = CARTESIAN_POINT('',(4.384498652053,2.028500244427));
#1678 = CARTESIAN_POINT('',(4.456967656743,2.086186511179));
#1679 = CARTESIAN_POINT('',(4.509055082086,2.127655642099));
#1680 = CARTESIAN_POINT('',(4.561141283455,2.169129856926));
#1681 = CARTESIAN_POINT('',(4.613225968309,2.210606199141));
#1682 = CARTESIAN_POINT('',(4.665310656988,2.252081461259));
#1683 = CARTESIAN_POINT('',(4.717396872215,2.293551450235));
#1684 = CARTESIAN_POINT('',(4.769484327642,2.335010736285));
#1685 = CARTESIAN_POINT('',(4.898283633225,2.437492098323));
#1686 = CARTESIAN_POINT('',(4.975017012435,2.498513720697));
#1687 = CARTESIAN_POINT('',(5.051740924533,2.559484329797));
#1688 = CARTESIAN_POINT('',(5.128456442355,2.620402013691));
#1689 = CARTESIAN_POINT('',(5.205172033526,2.6812874238));
#1690 = CARTESIAN_POINT('',(5.281896121405,2.74218602569));
#1691 = CARTESIAN_POINT('',(5.358629647129,2.803154358948));
#1692 = CARTESIAN_POINT('',(5.507040673081,2.921281666929));
#1693 = CARTESIAN_POINT('',(5.578750217397,2.97845249692));
#1694 = CARTESIAN_POINT('',(5.650452649886,3.035748931025));
#1695 = CARTESIAN_POINT('',(5.722148319664,3.093199731083));
#1696 = CARTESIAN_POINT('',(5.793843536465,3.150814117618));
#1697 = CARTESIAN_POINT('',(5.865544726069,3.208543213129));
#1698 = CARTESIAN_POINT('',(5.937252647236,3.266242258949));
#1699 = CARTESIAN_POINT('',(6.015079328439,3.328555114997));
#1700 = CARTESIAN_POINT('',(6.021210586236,3.333462093563));
#1701 = CARTESIAN_POINT('',(6.027341850989,3.338366835882));
#1702 = CARTESIAN_POINT('',(6.033473123163,3.343269180611));
#1703 = CARTESIAN_POINT('',(6.039604403232,3.348168960759));
#1704 = CARTESIAN_POINT('',(6.045735691676,3.353066003682));
#1705 = CARTESIAN_POINT('',(6.051866988983,3.357960131084));
#1706 = CARTESIAN_POINT('',(6.062347344635,3.366320455405));
#1707 = CARTESIAN_POINT('',(6.06669639821,3.369788192231));
#1708 = CARTESIAN_POINT('',(6.071045456693,3.37325430394));
#1709 = CARTESIAN_POINT('',(6.075394520332,3.376718723463));
#1710 = CARTESIAN_POINT('',(6.0797435893,3.380181382215));
#1711 = CARTESIAN_POINT('',(6.084092663702,3.3836422101));
#1712 = CARTESIAN_POINT('',(6.088441743567,3.387101135503));
#1713 = CARTESIAN_POINT('',(6.098665980336,3.39522805665));
#1714 = CARTESIAN_POINT('',(6.104541142407,3.399894423244));
#1715 = CARTESIAN_POINT('',(6.110416315512,3.40455700521));
#1716 = CARTESIAN_POINT('',(6.116291500088,3.409215617818));
#1717 = CARTESIAN_POINT('',(6.122166696566,3.413870071471));
#1718 = CARTESIAN_POINT('',(6.12804190537,3.418520171713));
#1719 = CARTESIAN_POINT('',(6.133917126919,3.423165719224));
#1720 = CARTESIAN_POINT('',(6.147705737736,3.434057208436));
#1721 = CARTESIAN_POINT('',(6.155619137792,3.440299277548));
#1722 = CARTESIAN_POINT('',(6.163532562809,3.446532217978));
#1723 = CARTESIAN_POINT('',(6.171446013733,3.452755514904));
#1724 = CARTESIAN_POINT('',(6.179359491448,3.45896863786));
#1725 = CARTESIAN_POINT('',(6.187272996774,3.465171040739));
#1726 = CARTESIAN_POINT('',(6.195186530462,3.47136216179));
#1727 = CARTESIAN_POINT('',(6.21311057478,3.485358052967));
#1728 = CARTESIAN_POINT('',(6.223121103023,3.493155707187));
#1729 = CARTESIAN_POINT('',(6.233131679415,3.500933216145));
#1730 = CARTESIAN_POINT('',(6.243142305033,3.508689372749));
#1731 = CARTESIAN_POINT('',(6.253152980551,3.51642293295));
#1732 = CARTESIAN_POINT('',(6.26316370624,3.524132615744));
#1733 = CARTESIAN_POINT('',(6.273174481963,3.531817103172));
#1734 = CARTESIAN_POINT('',(6.28318530718,3.539475040319));
#1735 = ( GEOMETRIC_REPRESENTATION_CONTEXT(2) 
PARAMETRIC_REPRESENTATION_CONTEXT() REPRESENTATION_CONTEXT('2D SPACE',''
  ) );
#1736 = PCURVE('',#1517,#1737);
#1737 = DEFINITIONAL_REPRESENTATION('',(#1738),#1804);
#1738 = B_SPLINE_CURVE_WITH_KNOTS('',8,(#1739,#1740,#1741,#1742,#1743,
    #1744,#1745,#1746,#1747,#1748,#1749,#1750,#1751,#1752,#1753,#1754,
    #1755,#1756,#1757,#1758,#1759,#1760,#1761,#1762,#1763,#1764,#1765,
    #1766,#1767,#1768,#1769,#1770,#1771,#1772,#1773,#1774,#1775,#1776,
    #1777,#1778,#1779,#1780,#1781,#1782,#1783,#1784,#1785,#1786,#1787,
    #1788,#1789,#1790,#1791,#1792,#1793,#1794,#1795,#1796,#1797,#1798,
    #1799,#1800,#1801,#1802,#1803),.UNSPECIFIED.,.F.,.F.,(9,7,7,7,7,7,7,
    7,7,9),(0.,7.988855470522E-02,0.284015270208,0.584668939106,
    0.865656692072,0.889686208705,0.906730788375,0.929756201949,
    0.960769219607,1.),.UNSPECIFIED.);
#1739 = CARTESIAN_POINT('',(4.839928406221,0.6748709256));
#1740 = CARTESIAN_POINT('',(4.839949130704,0.678115786902));
#1741 = CARTESIAN_POINT('',(4.839968346202,0.681360726471));
#1742 = CARTESIAN_POINT('',(4.839985298472,0.684605734796));
#1743 = CARTESIAN_POINT('',(4.839999363491,0.687850801318));
#1744 = CARTESIAN_POINT('',(4.840010047457,0.691095914427));
#1745 = CARTESIAN_POINT('',(4.840016986784,0.694341061462));
#1746 = CARTESIAN_POINT('',(4.840019948108,0.697586228713));
#1747 = CARTESIAN_POINT('',(4.840015966964,0.709123283124));
#1748 = CARTESIAN_POINT('',(4.83998661896,0.717415642786));
#1749 = CARTESIAN_POINT('',(4.839929514932,0.725707632257));
#1750 = CARTESIAN_POINT('',(4.839850617983,0.733998958211));
#1751 = CARTESIAN_POINT('',(4.839763348393,0.742289649765));
#1752 = CARTESIAN_POINT('',(4.839686563629,0.750579810617));
#1753 = CARTESIAN_POINT('',(4.839640293632,0.758869355711));
#1754 = CARTESIAN_POINT('',(4.839637666816,0.779365496855));
#1755 = CARTESIAN_POINT('',(4.839734257327,0.791574647967));
#1756 = CARTESIAN_POINT('',(4.839976798596,0.803780889598));
#1757 = CARTESIAN_POINT('',(4.840390371253,0.815985092644));
#1758 = CARTESIAN_POINT('',(4.840942596195,0.828189769401));
#1759 = CARTESIAN_POINT('',(4.841504884305,0.840397587372));
#1760 = CARTESIAN_POINT('',(4.841869457115,0.852609471763));
#1761 = CARTESIAN_POINT('',(4.841839615019,0.876233442147));
#1762 = CARTESIAN_POINT('',(4.841493486365,0.887650312061));
#1763 = CARTESIAN_POINT('',(4.840664938016,0.899068196239));
#1764 = CARTESIAN_POINT('',(4.839226605199,0.910486482616));
#1765 = CARTESIAN_POINT('',(4.837131663675,0.921904675487));
#1766 = CARTESIAN_POINT('',(4.834552043555,0.933321590714));
#1767 = CARTESIAN_POINT('',(4.832030197505,0.94473538298));
#1768 = CARTESIAN_POINT('',(4.830452683768,0.957119125671));
#1769 = CARTESIAN_POINT('',(4.830336217722,0.958094701565));
#1770 = CARTESIAN_POINT('',(4.83022819419,0.959070252082));
#1771 = CARTESIAN_POINT('',(4.830129269581,0.960045777755));
#1772 = CARTESIAN_POINT('',(4.830040126003,0.961021279271));
#1773 = CARTESIAN_POINT('',(4.829961471268,0.961996757471));
#1774 = CARTESIAN_POINT('',(4.829894038891,0.962972213349));
#1775 = CARTESIAN_POINT('',(4.829799255815,0.964639541893));
#1776 = CARTESIAN_POINT('',(4.829765952103,0.965331425068));
#1777 = CARTESIAN_POINT('',(4.829738948057,0.966023298015));
#1778 = CARTESIAN_POINT('',(4.82971852158,0.966715161207));
#1779 = CARTESIAN_POINT('',(4.829704957376,0.967407015153));
#1780 = CARTESIAN_POINT('',(4.82969854695,0.9680988604));
#1781 = CARTESIAN_POINT('',(4.829699588609,0.968790697532));
#1782 = CARTESIAN_POINT('',(4.829720273766,0.970417115401));
#1783 = CARTESIAN_POINT('',(4.82974631655,0.971351690081));
#1784 = CARTESIAN_POINT('',(4.829787267873,0.972286252816));
#1785 = CARTESIAN_POINT('',(4.829843903166,0.973220805408));
#1786 = CARTESIAN_POINT('',(4.829917021231,0.974155349856));
#1787 = CARTESIAN_POINT('',(4.830007444241,0.975089888351));
#1788 = CARTESIAN_POINT('',(4.830116017742,0.976024423282));
#1789 = CARTESIAN_POINT('',(4.830415466017,0.978217684585));
#1790 = CARTESIAN_POINT('',(4.830621826105,0.979476410241));
#1791 = CARTESIAN_POINT('',(4.830864814117,0.980735140463));
#1792 = CARTESIAN_POINT('',(4.831146632068,0.981993882319));
#1793 = CARTESIAN_POINT('',(4.831469560775,0.98325264369));
#1794 = CARTESIAN_POINT('',(4.831835959863,0.984511433265));
#1795 = CARTESIAN_POINT('',(4.832248267761,0.985770260542));
#1796 = CARTESIAN_POINT('',(4.833291819939,0.988621585183));
#1797 = CARTESIAN_POINT('',(4.833952127753,0.990214111675));
#1798 = CARTESIAN_POINT('',(4.834695022816,0.991806736007));
#1799 = CARTESIAN_POINT('',(4.835525804771,0.993399481585));
#1800 = CARTESIAN_POINT('',(4.836449975232,0.994992374515));
#1801 = CARTESIAN_POINT('',(4.837473237793,0.996585443606));
#1802 = CARTESIAN_POINT('',(4.838601498018,0.998178720368));
#1803 = CARTESIAN_POINT('',(4.839840863447,0.999772239011));
#1804 = ( GEOMETRIC_REPRESENTATION_CONTEXT(2) 
PARAMETRIC_REPRESENTATION_CONTEXT() REPRESENTATION_CONTEXT('2D SPACE',''
  ) );
#1805 = ORIENTED_EDGE('',*,*,#1806,.F.);
#1806 = EDGE_CURVE('',#1807,#1598,#1809,.T.);
#1807 = VERTEX_POINT('',#1808);
#1808 = CARTESIAN_POINT('',(-8.253012383305,21.682430366567,2.));
#1809 = SURFACE_CURVE('',#1810,(#1815,#1822),.PCURVE_S1.);
#1810 = CIRCLE('',#1811,23.2);
#1811 = AXIS2_PLACEMENT_3D('',#1812,#1813,#1814);
#1812 = CARTESIAN_POINT('',(0.,0.,2.));
#1813 = DIRECTION('',(0.,0.,1.));
#1814 = DIRECTION('',(1.,0.,-0.));
#1815 = PCURVE('',#235,#1816);
#1816 = DEFINITIONAL_REPRESENTATION('',(#1817),#1821);
#1817 = LINE('',#1818,#1819);
#1818 = CARTESIAN_POINT('',(0.,2.));
#1819 = VECTOR('',#1820,1.);
#1820 = DIRECTION('',(1.,0.));
#1821 = ( GEOMETRIC_REPRESENTATION_CONTEXT(2) 
PARAMETRIC_REPRESENTATION_CONTEXT() REPRESENTATION_CONTEXT('2D SPACE',''
  ) );
#1822 = PCURVE('',#1823,#1828);
#1823 = PLANE('',#1824);
#1824 = AXIS2_PLACEMENT_3D('',#1825,#1826,#1827);
#1825 = CARTESIAN_POINT('',(-1.353287005936E-15,1.716610361001E-15,2.));
#1826 = DIRECTION('',(0.,0.,1.));
#1827 = DIRECTION('',(1.,0.,0.));
#1828 = DEFINITIONAL_REPRESENTATION('',(#1829),#1833);
#1829 = CIRCLE('',#1830,23.2);
#1830 = AXIS2_PLACEMENT_2D('',#1831,#1832);
#1831 = CARTESIAN_POINT('',(1.353287005936E-15,-1.716610361001E-15));
#1832 = DIRECTION('',(1.,0.));
#1833 = ( GEOMETRIC_REPRESENTATION_CONTEXT(2) 
PARAMETRIC_REPRESENTATION_CONTEXT() REPRESENTATION_CONTEXT('2D SPACE',''
  ) );
#1834 = ORIENTED_EDGE('',*,*,#1835,.T.);
#1835 = EDGE_CURVE('',#1807,#1836,#1838,.T.);
#1836 = VERTEX_POINT('',#1837);
#1837 = CARTESIAN_POINT('',(23.199976251618,-3.319524617356E-02,
    5.459430661918));
#1838 = SURFACE_CURVE('',#1839,(#1940,#2044),.PCURVE_S1.);
#1839 = B_SPLINE_CURVE_WITH_KNOTS('',8,(#1840,#1841,#1842,#1843,#1844,
    #1845,#1846,#1847,#1848,#1849,#1850,#1851,#1852,#1853,#1854,#1855,
    #1856,#1857,#1858,#1859,#1860,#1861,#1862,#1863,#1864,#1865,#1866,
    #1867,#1868,#1869,#1870,#1871,#1872,#1873,#1874,#1875,#1876,#1877,
    #1878,#1879,#1880,#1881,#1882,#1883,#1884,#1885,#1886,#1887,#1888,
    #1889,#1890,#1891,#1892,#1893,#1894,#1895,#1896,#1897,#1898,#1899,
    #1900,#1901,#1902,#1903,#1904,#1905,#1906,#1907,#1908,#1909,#1910,
    #1911,#1912,#1913,#1914,#1915,#1916,#1917,#1918,#1919,#1920,#1921,
    #1922,#1923,#1924,#1925,#1926,#1927,#1928,#1929,#1930,#1931,#1932,
    #1933,#1934,#1935,#1936,#1937,#1938,#1939),.UNSPECIFIED.,.F.,.F.,(9,
    7,7,7,7,7,7,7,7,7,7,7,7,7,9),(0.,2.84136599019E-02,9.14121675309E-02
    ,0.214178358443,0.284880665356,0.355797438042,0.480964689539,
    0.570805117283,0.668959363445,0.805453272957,0.925276668323,
    0.949289415897,0.965176782017,0.981157996857,1.),.UNSPECIFIED.);
#1840 = CARTESIAN_POINT('',(-7.154115144546,22.069404987416,
    1.960025668369));
#1841 = CARTESIAN_POINT('',(-7.498794857773,21.957672099383,
    1.972457581739));
#1842 = CARTESIAN_POINT('',(-7.841480482939,21.839786891397,
    1.984888875367));
#1843 = CARTESIAN_POINT('',(-8.18204365663,21.71579097751,1.997319529071
    ));
#1844 = CARTESIAN_POINT('',(-8.520357261934,21.585729099828,
    2.00974953654));
#1845 = CARTESIAN_POINT('',(-8.856295428444,21.449649128511,
    2.022178905329));
#1846 = CARTESIAN_POINT('',(-9.18973353225,21.307602061772,
    2.034607656863));
#1847 = CARTESIAN_POINT('',(-9.520548195949,21.159642025879,
    2.047035826433));
#1848 = CARTESIAN_POINT('',(-10.57600908926,20.664787395301,
    2.087017906116));
#1849 = CARTESIAN_POINT('',(-11.28991200277,20.294958387062,
    2.114570016209));
#1850 = CARTESIAN_POINT('',(-11.9889853864,19.896966528592,
    2.142119889438));
#1851 = CARTESIAN_POINT('',(-12.67193456773,19.471510286046,
    2.16966828523));
#1852 = CARTESIAN_POINT('',(-13.33750889329,19.019356044887,
    2.197216333111));
#1853 = CARTESIAN_POINT('',(-13.98450116181,18.541336966792,
    2.224765222273));
#1854 = CARTESIAN_POINT('',(-14.61174844212,18.03835397215,
    2.252315874089));
#1855 = CARTESIAN_POINT('',(-16.3998079666,16.48445406669,2.333561026774
    ));
#1856 = CARTESIAN_POINT('',(-17.50245704993,15.36624780969,
    2.387270257728));
#1857 = CARTESIAN_POINT('',(-18.51758375981,14.16406755419,
    2.440989912372));
#1858 = CARTESIAN_POINT('',(-19.43780361875,12.885987759085,
    2.494722354433));
#1859 = CARTESIAN_POINT('',(-20.25668547384,11.540728292401,
    2.548466793389));
#1860 = CARTESIAN_POINT('',(-20.96870238296,10.137607578815,
    2.602213816094));
#1861 = CARTESIAN_POINT('',(-21.56929335106,8.686570467413,
    2.655946346044));
#1862 = CARTESIAN_POINT('',(-22.33478003558,6.341175325225,
    2.740573804431));
#1863 = CARTESIAN_POINT('',(-22.57646070221,5.47162046597,2.771493143704
    ));
#1864 = CARTESIAN_POINT('',(-22.77942513663,4.591618680669,
    2.802403256636));
#1865 = CARTESIAN_POINT('',(-22.94315451118,3.70318472581,2.833304232179
    ));
#1866 = CARTESIAN_POINT('',(-23.06725649665,2.808354209422,
    2.864198701019));
#1867 = CARTESIAN_POINT('',(-23.15146285873,1.909182976504,
    2.895092730393));
#1868 = CARTESIAN_POINT('',(-23.19563210461,1.007747346096,
    2.925996952438));
#1869 = CARTESIAN_POINT('',(-23.20389476761,-0.798191832885,
    2.987952724535));
#1870 = CARTESIAN_POINT('',(-23.16774501734,-1.702726218262,
    3.019007326264));
#1871 = CARTESIAN_POINT('',(-23.09129626774,-2.605343328278,
    3.05007340297));
#1872 = CARTESIAN_POINT('',(-22.97467254889,-3.50394825607,
    3.081137966652));
#1873 = CARTESIAN_POINT('',(-22.81812608011,-4.39646497897,
    3.112194269146));
#1874 = CARTESIAN_POINT('',(-22.6220347899,-5.280836383907,
    3.143239532067));
#1875 = CARTESIAN_POINT('',(-22.38690486671,-6.155025076137,
    3.17427243157));
#1876 = CARTESIAN_POINT('',(-21.63060733214,-8.53841655851,
    3.260044655957));
#1877 = CARTESIAN_POINT('',(-21.02813258881,-10.02210229804,
    3.314768406411));
#1878 = CARTESIAN_POINT('',(-20.30948810925,-11.45671527649,
    3.369456923214));
#1879 = CARTESIAN_POINT('',(-19.47944903401,-12.83168286642,
    3.424129682819));
#1880 = CARTESIAN_POINT('',(-18.5438365793,-14.13710555352,
    3.478811772791));
#1881 = CARTESIAN_POINT('',(-17.5094479685,-15.36372744698,
    3.533519564084));
#1882 = CARTESIAN_POINT('',(-16.38411136969,-16.50298839401,
    3.588253511474));
#1883 = CARTESIAN_POINT('',(-14.31034960948,-18.29662383958,
    3.682291711945));
#1884 = CARTESIAN_POINT('',(-13.40149952356,-18.99721808527,
    3.721596826724));
#1885 = CARTESIAN_POINT('',(-12.45358383284,-19.6461014848,3.7609097771)
  );
#1886 = CARTESIAN_POINT('',(-11.47005296297,-20.24075081202,
    3.800227446973));
#1887 = CARTESIAN_POINT('',(-10.45452271933,-20.77893180154,
    3.839547096415));
#1888 = CARTESIAN_POINT('',(-9.410767860711,-21.25869069458,
    3.878866092662));
#1889 = CARTESIAN_POINT('',(-8.342726041123,-21.67836409453,
    3.918181529196));
#1890 = CARTESIAN_POINT('',(-6.065595061207,-22.42800192186,
    4.000435511348));
#1891 = CARTESIAN_POINT('',(-4.852472403714,-22.74611264056,
    4.043377199765));
#1892 = CARTESIAN_POINT('',(-3.620519030177,-22.989153156,4.086309315056
    ));
#1893 = CARTESIAN_POINT('',(-2.375169069949,-23.15586077498,
    4.129231725752));
#1894 = CARTESIAN_POINT('',(-1.121907775485,-23.24544361692,
    4.172148380632));
#1895 = CARTESIAN_POINT('',(0.133732968307,-23.25756329768,
    4.215065248167));
#1896 = CARTESIAN_POINT('',(1.386175501885,-23.19235292382,
    4.257987466778));
#1897 = CARTESIAN_POINT('',(4.35917675519,-22.85316766722,4.360611984176
    ));
#1898 = CARTESIAN_POINT('',(6.072027411198,-22.5075368822,4.420338226913
    ));
#1899 = CARTESIAN_POINT('',(7.752913552722,-22.01522184949,
    4.480086281476));
#1900 = CARTESIAN_POINT('',(9.387220855579,-21.37986006076,
    4.539865461107));
#1901 = CARTESIAN_POINT('',(10.961001489331,-20.60665115243,
    4.599679217935));
#1902 = CARTESIAN_POINT('',(12.460990037237,-19.70234569368,
    4.659509946283));
#1903 = CARTESIAN_POINT('',(13.874621139224,-18.67523966514,
    4.719314216337));
#1904 = CARTESIAN_POINT('',(16.34518307278,-16.53510861776,
    4.831450460875));
#1905 = CARTESIAN_POINT('',(17.424973542422,-15.44756752063,
    4.883820310691));
#1906 = CARTESIAN_POINT('',(18.421717127029,-14.27972696403,
    4.936098699906));
#1907 = CARTESIAN_POINT('',(19.328512791967,-13.03906008326,
    4.988257503534));
#1908 = CARTESIAN_POINT('',(20.13932217403,-11.73363068483,
    5.040281975534));
#1909 = CARTESIAN_POINT('',(20.848924769682,-10.37205646023,
    5.092188721266));
#1910 = CARTESIAN_POINT('',(21.452969710655,-8.963538019075,
    5.144049028474));
#1911 = CARTESIAN_POINT('',(22.047363003264,-7.228247130484,
    5.206419038635));
#1912 = CARTESIAN_POINT('',(22.142223970331,-6.937052018069,
    5.216835603158));
#1913 = CARTESIAN_POINT('',(22.232688433883,-6.644437283426,
    5.22725758547));
#1914 = CARTESIAN_POINT('',(22.318731662633,-6.350480489375,
    5.237686357648));
#1915 = CARTESIAN_POINT('',(22.400330582576,-6.05525968251,5.2481234394)
  );
#1916 = CARTESIAN_POINT('',(22.477463777001,-5.758853393198,
    5.258570498064));
#1917 = CARTESIAN_POINT('',(22.550111486481,-5.461340635584,
    5.269029348605));
#1918 = CARTESIAN_POINT('',(22.663341270908,-4.96528040538,
    5.286430861253));
#1919 = CARTESIAN_POINT('',(22.706455523289,-4.767310325835,
    5.29336579374));
#1920 = CARTESIAN_POINT('',(22.747593128968,-4.568913673974,
    5.300307322189));
#1921 = CARTESIAN_POINT('',(22.78674917585,-4.37011352193,5.307256050071
    ));
#1922 = CARTESIAN_POINT('',(22.823919076809,-4.17093300894,
    5.314212613212));
#1923 = CARTESIAN_POINT('',(22.859098569681,-3.971395341342,
    5.321177679796));
#1924 = CARTESIAN_POINT('',(22.892283717264,-3.771523792582,
    5.32815195036));
#1925 = CARTESIAN_POINT('',(22.954842324138,-3.369977112412,
    5.342161621857));
#1926 = CARTESIAN_POINT('',(22.984192112532,-3.16829828704,
    5.349197141959));
#1927 = CARTESIAN_POINT('',(23.011516596381,-2.966328982829,
    5.356243464354));
#1928 = CARTESIAN_POINT('',(23.036812437715,-2.76409300145,
    5.363301371081));
#1929 = CARTESIAN_POINT('',(23.060076636719,-2.561614190511,
    5.370371679967));
#1930 = CARTESIAN_POINT('',(23.081306531735,-2.358916443551,
    5.377455244631));
#1931 = CARTESIAN_POINT('',(23.100499799257,-2.156023700046,
    5.384552954481));
#1932 = CARTESIAN_POINT('',(23.137879953727,-1.713545861979,
    5.400051769753));
#1933 = CARTESIAN_POINT('',(23.155271657326,-1.473894038573,
    5.40845875536));
#1934 = CARTESIAN_POINT('',(23.169826309602,-1.234043786305,
    5.416888208025));
#1935 = CARTESIAN_POINT('',(23.181541317997,-0.994034462934,
    5.425341717201));
#1936 = CARTESIAN_POINT('',(23.190414752524,-0.753905472864,
    5.433820945308));
#1937 = CARTESIAN_POINT('',(23.196445345769,-0.513696267144,
    5.442327627734));
#1938 = CARTESIAN_POINT('',(23.19963249289,-0.273446343468,
    5.450863572831));
#1939 = CARTESIAN_POINT('',(23.199976251618,-3.319524617364E-02,
    5.45943066192));
#1940 = PCURVE('',#235,#1941);
#1941 = DEFINITIONAL_REPRESENTATION('',(#1942),#2043);
#1942 = B_SPLINE_CURVE_WITH_KNOTS('',8,(#1943,#1944,#1945,#1946,#1947,
    #1948,#1949,#1950,#1951,#1952,#1953,#1954,#1955,#1956,#1957,#1958,
    #1959,#1960,#1961,#1962,#1963,#1964,#1965,#1966,#1967,#1968,#1969,
    #1970,#1971,#1972,#1973,#1974,#1975,#1976,#1977,#1978,#1979,#1980,
    #1981,#1982,#1983,#1984,#1985,#1986,#1987,#1988,#1989,#1990,#1991,
    #1992,#1993,#1994,#1995,#1996,#1997,#1998,#1999,#2000,#2001,#2002,
    #2003,#2004,#2005,#2006,#2007,#2008,#2009,#2010,#2011,#2012,#2013,
    #2014,#2015,#2016,#2017,#2018,#2019,#2020,#2021,#2022,#2023,#2024,
    #2025,#2026,#2027,#2028,#2029,#2030,#2031,#2032,#2033,#2034,#2035,
    #2036,#2037,#2038,#2039,#2040,#2041,#2042),.UNSPECIFIED.,.F.,.F.,(9,
    7,7,7,7,7,7,7,7,7,7,7,7,7,9),(0.,2.84136599019E-02,9.14121675309E-02
    ,0.214178358443,0.284880665356,0.355797438042,0.480964689539,
    0.570805117283,0.668959363445,0.805453272957,0.925276668323,
    0.949289415897,0.965176782017,0.981157996857,1.),.UNSPECIFIED.);
#1943 = CARTESIAN_POINT('',(1.884272257174,1.960025668369));
#1944 = CARTESIAN_POINT('',(1.899890245671,1.972457581739));
#1945 = CARTESIAN_POINT('',(1.915508240911,1.984888875367));
#1946 = CARTESIAN_POINT('',(1.931126240617,1.997319529071));
#1947 = CARTESIAN_POINT('',(1.94674424299,2.00974953654));
#1948 = CARTESIAN_POINT('',(1.962362246711,2.022178905329));
#1949 = CARTESIAN_POINT('',(1.977980250944,2.034607656863));
#1950 = CARTESIAN_POINT('',(1.993598255329,2.047035826433));
#1951 = CARTESIAN_POINT('',(2.043844357505,2.087017906116));
#1952 = CARTESIAN_POINT('',(2.07847282073,2.114570016209));
#1953 = CARTESIAN_POINT('',(2.11310113114,2.142119889438));
#1954 = CARTESIAN_POINT('',(2.147729246643,2.16966828523));
#1955 = CARTESIAN_POINT('',(2.182357363263,2.197216333111));
#1956 = CARTESIAN_POINT('',(2.216985676853,2.224765222273));
#1957 = CARTESIAN_POINT('',(2.251614144843,2.252315874089));
#1958 = CARTESIAN_POINT('',(2.353722581876,2.333561026774));
#1959 = CARTESIAN_POINT('',(2.421212598588,2.387270257728));
#1960 = CARTESIAN_POINT('',(2.488698238008,2.440989912372));
#1961 = CARTESIAN_POINT('',(2.556178412713,2.494722354433));
#1962 = CARTESIAN_POINT('',(2.62365855976,2.548466793389));
#1963 = CARTESIAN_POINT('',(2.691144147515,2.602213816094));
#1964 = CARTESIAN_POINT('',(2.758634137548,2.655946346044));
#1965 = CARTESIAN_POINT('',(2.864976976938,2.740573804431));
#1966 = CARTESIAN_POINT('',(2.903840215169,2.771493143704));
#1967 = CARTESIAN_POINT('',(2.942703199644,2.802403256636));
#1968 = CARTESIAN_POINT('',(2.981565856673,2.833304232179));
#1969 = CARTESIAN_POINT('',(3.020428531435,2.864198701019));
#1970 = CARTESIAN_POINT('',(3.05929156111,2.895092730393));
#1971 = CARTESIAN_POINT('',(3.098154845269,2.925996952438));
#1972 = CARTESIAN_POINT('',(3.175997865995,2.987952724535));
#1973 = CARTESIAN_POINT('',(3.214978880028,3.019007326264));
#1974 = CARTESIAN_POINT('',(3.25395956138,3.05007340297));
#1975 = CARTESIAN_POINT('',(3.292939903778,3.081137966652));
#1976 = CARTESIAN_POINT('',(3.331920269363,3.112194269146));
#1977 = CARTESIAN_POINT('',(3.370901010029,3.143239532067));
#1978 = CARTESIAN_POINT('',(3.409882088148,3.17427243157));
#1979 = CARTESIAN_POINT('',(3.517662611086,3.260044655957));
#1980 = CARTESIAN_POINT('',(3.586473501032,3.314768406411));
#1981 = CARTESIAN_POINT('',(3.655279704592,3.369456923214));
#1982 = CARTESIAN_POINT('',(3.724079973749,3.424129682819));
#1983 = CARTESIAN_POINT('',(3.792880220824,3.478811772791));
#1984 = CARTESIAN_POINT('',(3.861686381846,3.533519564084));
#1985 = CARTESIAN_POINT('',(3.930497255411,3.588253511474));
#1986 = CARTESIAN_POINT('',(4.04867945881,3.682291711945));
#1987 = CARTESIAN_POINT('',(4.098063655551,3.721596826724));
#1988 = CARTESIAN_POINT('',(4.147446900987,3.7609097771));
#1989 = CARTESIAN_POINT('',(4.196828971949,3.800227446973));
#1990 = CARTESIAN_POINT('',(4.246211036611,3.839547096415));
#1991 = CARTESIAN_POINT('',(4.295594263101,3.878866092662));
#1992 = CARTESIAN_POINT('',(4.344978428421,3.918181529196));
#1993 = CARTESIAN_POINT('',(4.448312438337,4.000435511348));
#1994 = CARTESIAN_POINT('',(4.502267599452,4.043377199765));
#1995 = CARTESIAN_POINT('',(4.556221350681,4.086309315056));
#1996 = CARTESIAN_POINT('',(4.61017333107,4.129231725752));
#1997 = CARTESIAN_POINT('',(4.664125328258,4.172148380632));
#1998 = CARTESIAN_POINT('',(4.718079126011,4.215065248167));
#1999 = CARTESIAN_POINT('',(4.772034350111,4.257987466778));
#2000 = CARTESIAN_POINT('',(4.901012249566,4.360611984176));
#2001 = CARTESIAN_POINT('',(4.976054882673,4.420338226913));
#2002 = CARTESIAN_POINT('',(5.051088879523,4.480086281476));
#2003 = CARTESIAN_POINT('',(5.126115084891,4.539865461107));
#2004 = CARTESIAN_POINT('',(5.201141204425,4.599679217935));
#2005 = CARTESIAN_POINT('',(5.276174983021,4.659509946283));
#2006 = CARTESIAN_POINT('',(5.351217390423,4.719314216337));
#2007 = CARTESIAN_POINT('',(5.492105922839,4.831450460875));
#2008 = CARTESIAN_POINT('',(5.557977589009,4.883820310691));
#2009 = CARTESIAN_POINT('',(5.623845198272,4.936098699906));
#2010 = CARTESIAN_POINT('',(5.689708881468,4.988257503534));
#2011 = CARTESIAN_POINT('',(5.755572903491,5.040281975534));
#2012 = CARTESIAN_POINT('',(5.821441483935,5.092188721266));
#2013 = CARTESIAN_POINT('',(5.887314564042,5.144049028474));
#2014 = CARTESIAN_POINT('',(5.966377825317,5.206419038635));
#2015 = CARTESIAN_POINT('',(5.979577043621,5.216835603158));
#2016 = CARTESIAN_POINT('',(5.992776247979,5.22725758547));
#2017 = CARTESIAN_POINT('',(6.005975434207,5.237686357648));
#2018 = CARTESIAN_POINT('',(6.019174597561,5.2481234394));
#2019 = CARTESIAN_POINT('',(6.032373732737,5.258570498064));
#2020 = CARTESIAN_POINT('',(6.045572833871,5.269029348605));
#2021 = CARTESIAN_POINT('',(6.067504685681,5.286430861253));
#2022 = CARTESIAN_POINT('',(6.076237459215,5.29336579374));
#2023 = CARTESIAN_POINT('',(6.084970213506,5.300307322189));
#2024 = CARTESIAN_POINT('',(6.09370294669,5.307256050071));
#2025 = CARTESIAN_POINT('',(6.102435656679,5.314212613212));
#2026 = CARTESIAN_POINT('',(6.11116834116,5.321177679796));
#2027 = CARTESIAN_POINT('',(6.119900997593,5.32815195036));
#2028 = CARTESIAN_POINT('',(6.137417833582,5.342161621857));
#2029 = CARTESIAN_POINT('',(6.146202012883,5.349197141959));
#2030 = CARTESIAN_POINT('',(6.154986158359,5.356243464354));
#2031 = CARTESIAN_POINT('',(6.16377026698,5.363301371081));
#2032 = CARTESIAN_POINT('',(6.172554335445,5.370371679967));
#2033 = CARTESIAN_POINT('',(6.181338360187,5.377455244631));
#2034 = CARTESIAN_POINT('',(6.190122337366,5.384552954481));
#2035 = CARTESIAN_POINT('',(6.209262593958,5.400051769753));
#2036 = CARTESIAN_POINT('',(6.219618853273,5.40845875536));
#2037 = CARTESIAN_POINT('',(6.229975034376,5.416888208025));
#2038 = CARTESIAN_POINT('',(6.24033112991,5.425341717201));
#2039 = CARTESIAN_POINT('',(6.250687131601,5.433820945308));
#2040 = CARTESIAN_POINT('',(6.261043030256,5.442327627734));
#2041 = CARTESIAN_POINT('',(6.271398815769,5.450863572831));
#2042 = CARTESIAN_POINT('',(6.281754477115,5.45943066192));
#2043 = ( GEOMETRIC_REPRESENTATION_CONTEXT(2) 
PARAMETRIC_REPRESENTATION_CONTEXT() REPRESENTATION_CONTEXT('2D SPACE',''
  ) );
#2044 = PCURVE('',#2045,#2068);
#2045 = ( BOUNDED_SURFACE() B_SPLINE_SURFACE(1,6,(
    (#2046,#2047,#2048,#2049,#2050,#2051,#2052,#2053,#2054,#2055,#2056)
    ,(#2057,#2058,#2059,#2060,#2061,#2062,#2063,#2064,#2065,#2066,#2067
)),.UNSPECIFIED.,.F.,.F.,.F.) B_SPLINE_SURFACE_WITH_KNOTS((2,2),(7,4,7),
(2.,3.),(0.,0.5,1.),.UNSPECIFIED.) GEOMETRIC_REPRESENTATION_ITEM() 
RATIONAL_B_SPLINE_SURFACE((
    (1.,1.,1.,1.,1.,1.,1.,1.,1.,1.,1.)
,(1.,1.,1.,1.,1.,1.,1.,1.,1.,1.,1.
  ))) REPRESENTATION_ITEM('') SURFACE() );
#2046 = CARTESIAN_POINT('',(23.,-3.45782103524E-02,0.499401994879));
#2047 = CARTESIAN_POINT('',(22.93688265238,12.005553186547,
    0.916068661547));
#2048 = CARTESIAN_POINT('',(15.708212720946,24.056457278507,
    1.332735328166));
#2049 = CARTESIAN_POINT('',(-9.106327673554E-02,30.254948947156,
    1.749401994898));
#2050 = CARTESIAN_POINT('',(-15.42734858829,24.103266495349,
    2.166068661565));
#2051 = CARTESIAN_POINT('',(-30.53644950091,4.590851192296E-02,
    2.99940199488));
#2052 = CARTESIAN_POINT('',(-15.49975240987,-24.05677067778,
    3.832735328193));
#2053 = CARTESIAN_POINT('',(-0.182033267151,-30.25453837375,
    4.249401994863));
#2054 = CARTESIAN_POINT('',(15.635808899368,-24.10357989462,
    4.666068661592));
#2055 = CARTESIAN_POINT('',(22.900680741592,-12.07446540002,
    5.082735328212));
#2056 = CARTESIAN_POINT('',(23.,-3.457821035239E-02,5.499401994879));
#2057 = CARTESIAN_POINT('',(24.25,-2.593365776482E-02,0.24955149616));
#2058 = CARTESIAN_POINT('',(24.177943375638,12.668515544481,
    0.666218162827));
#2059 = CARTESIAN_POINT('',(16.550901960433,25.371044268019,
    1.082884829446));
#2060 = CARTESIAN_POINT('',(-0.109855626746,31.899177171925,
    1.499551496178));
#2061 = CARTESIAN_POINT('',(-16.27680941925,25.40615118065,
    1.916218162845));
#2062 = CARTESIAN_POINT('',(-32.19603914765,3.44313839438E-02,
    2.74955149616));
#2063 = CARTESIAN_POINT('',(-16.33111228543,-25.37127931748,
    3.582884829473));
#2064 = CARTESIAN_POINT('',(-0.178083119556,-31.89886924186,
    3.999551496142));
#2065 = CARTESIAN_POINT('',(16.496599094251,-25.4063862301,
    4.416218162873));
#2066 = CARTESIAN_POINT('',(24.150791942547,-12.72019970458,
    4.832884829492));
#2067 = CARTESIAN_POINT('',(24.25,-2.593365776447E-02,5.24955149616));
#2068 = DEFINITIONAL_REPRESENTATION('',(#2069),#2170);
#2069 = B_SPLINE_CURVE_WITH_KNOTS('',8,(#2070,#2071,#2072,#2073,#2074,
    #2075,#2076,#2077,#2078,#2079,#2080,#2081,#2082,#2083,#2084,#2085,
    #2086,#2087,#2088,#2089,#2090,#2091,#2092,#2093,#2094,#2095,#2096,
    #2097,#2098,#2099,#2100,#2101,#2102,#2103,#2104,#2105,#2106,#2107,
    #2108,#2109,#2110,#2111,#2112,#2113,#2114,#2115,#2116,#2117,#2118,
    #2119,#2120,#2121,#2122,#2123,#2124,#2125,#2126,#2127,#2128,#2129,
    #2130,#2131,#2132,#2133,#2134,#2135,#2136,#2137,#2138,#2139,#2140,
    #2141,#2142,#2143,#2144,#2145,#2146,#2147,#2148,#2149,#2150,#2151,
    #2152,#2153,#2154,#2155,#2156,#2157,#2158,#2159,#2160,#2161,#2162,
    #2163,#2164,#2165,#2166,#2167,#2168,#2169),.UNSPECIFIED.,.F.,.F.,(9,
    7,7,7,7,7,7,7,7,7,7,7,7,7,9),(0.,2.84136599019E-02,9.14121675309E-02
    ,0.214178358443,0.284880665356,0.355797438042,0.480964689539,
    0.570805117283,0.668959363445,0.805453272957,0.925276668323,
    0.949289415897,0.965176782017,0.981157996857,1.),.UNSPECIFIED.);
#2070 = CARTESIAN_POINT('',(2.159980995978,0.300119001023));
#2071 = CARTESIAN_POINT('',(2.159980933856,0.302605380592));
#2072 = CARTESIAN_POINT('',(2.159983250321,0.305091755072));
#2073 = CARTESIAN_POINT('',(2.159987893133,0.307578117815));
#2074 = CARTESIAN_POINT('',(2.1599947627,0.310064462581));
#2075 = CARTESIAN_POINT('',(2.160003712083,0.312550783541));
#2076 = CARTESIAN_POINT('',(2.16001454699,0.315037075269));
#2077 = CARTESIAN_POINT('',(2.16002702578,0.317523332749));
#2078 = CARTESIAN_POINT('',(2.160071531372,0.325521972635));
#2079 = CARTESIAN_POINT('',(2.160108886665,0.331034261301));
#2080 = CARTESIAN_POINT('',(2.160149918338,0.336546286303));
#2081 = CARTESIAN_POINT('',(2.160190719225,0.342058004286));
#2082 = CARTESIAN_POINT('',(2.160226981601,0.347569425897));
#2083 = CARTESIAN_POINT('',(2.160254520879,0.35308057987));
#2084 = CARTESIAN_POINT('',(2.160269823406,0.358591474902));
#2085 = CARTESIAN_POINT('',(2.16027216747,0.374840622572));
#2086 = CARTESIAN_POINT('',(2.160218216057,0.385579772805));
#2087 = CARTESIAN_POINT('',(2.160093617681,0.396317477541));
#2088 = CARTESIAN_POINT('',(2.159895217337,0.407054051868));
#2089 = CARTESIAN_POINT('',(2.159655277476,0.41779094984));
#2090 = CARTESIAN_POINT('',(2.159439258195,0.428529559877));
#2091 = CARTESIAN_POINT('',(2.159317951586,0.439270004163));
#2092 = CARTESIAN_POINT('',(2.159311677353,0.456195182317));
#2093 = CARTESIAN_POINT('',(2.159348210843,0.462380875754));
#2094 = CARTESIAN_POINT('',(2.159427564641,0.468566863658));
#2095 = CARTESIAN_POINT('',(2.159548282736,0.474753091062));
#2096 = CARTESIAN_POINT('',(2.15969939509,0.480939535929));
#2097 = CARTESIAN_POINT('',(2.159855758527,0.487126155301));
#2098 = CARTESIAN_POINT('',(2.159972802619,0.493312848415));
#2099 = CARTESIAN_POINT('',(2.159988582376,0.50570479135));
#2100 = CARTESIAN_POINT('',(2.159879185663,0.511910245132));
#2101 = CARTESIAN_POINT('',(2.159722459204,0.518115628836));
#2102 = CARTESIAN_POINT('',(2.159568526717,0.524320849551));
#2103 = CARTESIAN_POINT('',(2.159443523404,0.530525863622));
#2104 = CARTESIAN_POINT('',(2.159358073454,0.536730646264));
#2105 = CARTESIAN_POINT('',(2.159316387277,0.542935143102));
#2106 = CARTESIAN_POINT('',(2.159309723595,0.560089254995));
#2107 = CARTESIAN_POINT('',(2.159428695276,0.571039950113));
#2108 = CARTESIAN_POINT('',(2.159649584876,0.581988691349));
#2109 = CARTESIAN_POINT('',(2.159896661177,0.592935589698));
#2110 = CARTESIAN_POINT('',(2.160099571221,0.603882147127));
#2111 = CARTESIAN_POINT('',(2.160224358937,0.61482994104));
#2112 = CARTESIAN_POINT('',(2.160275700365,0.625779296055));
#2113 = CARTESIAN_POINT('',(2.160266519061,0.644586477358));
#2114 = CARTESIAN_POINT('',(2.160233756537,0.652445863167));
#2115 = CARTESIAN_POINT('',(2.160178807582,0.660305707438));
#2116 = CARTESIAN_POINT('',(2.16011379457,0.668165992706));
#2117 = CARTESIAN_POINT('',(2.160052210528,0.676026845233));
#2118 = CARTESIAN_POINT('',(2.160005683249,0.68388831951));
#2119 = CARTESIAN_POINT('',(2.15998151551,0.691750199152));
#2120 = CARTESIAN_POINT('',(2.159980439752,0.708200941826));
#2121 = CARTESIAN_POINT('',(2.160008121244,0.716790662756));
#2122 = CARTESIAN_POINT('',(2.160066178291,0.725379986931));
#2123 = CARTESIAN_POINT('',(2.160148452765,0.733968580333));
#2124 = CARTESIAN_POINT('',(2.160240078948,0.742556489879));
#2125 = CARTESIAN_POINT('',(2.160319833882,0.751143848747));
#2126 = CARTESIAN_POINT('',(2.160365255145,0.759730562175));
#2127 = CARTESIAN_POINT('',(2.160353949713,0.78025490072));
#2128 = CARTESIAN_POINT('',(2.160250292723,0.792194969517));
#2129 = CARTESIAN_POINT('',(2.16000614209,0.804132380198));
#2130 = CARTESIAN_POINT('',(2.159600396165,0.816067940959));
#2131 = CARTESIAN_POINT('',(2.159065418304,0.828003959428));
#2132 = CARTESIAN_POINT('',(2.158520506549,0.839942875802));
#2133 = CARTESIAN_POINT('',(2.158156769265,0.851885553825));
#2134 = CARTESIAN_POINT('',(2.158136175303,0.87431177365));
#2135 = CARTESIAN_POINT('',(2.158398303481,0.884798842184));
#2136 = CARTESIAN_POINT('',(2.159049335662,0.895287052171));
#2137 = CARTESIAN_POINT('',(2.160192991302,0.905775961483));
#2138 = CARTESIAN_POINT('',(2.161881225119,0.916265217095));
#2139 = CARTESIAN_POINT('',(2.164030129074,0.926753947187));
#2140 = CARTESIAN_POINT('',(2.166323561095,0.937240611655));
#2141 = CARTESIAN_POINT('',(2.168501603211,0.94982345067));
#2142 = CARTESIAN_POINT('',(2.168845974466,0.95192397184));
#2143 = CARTESIAN_POINT('',(2.169166132638,0.954024366639));
#2144 = CARTESIAN_POINT('',(2.169456572748,0.956124634395));
#2145 = CARTESIAN_POINT('',(2.169711255587,0.958224777273));
#2146 = CARTESIAN_POINT('',(2.169923607722,0.960324800263));
#2147 = CARTESIAN_POINT('',(2.170086521493,0.962424711189));
#2148 = CARTESIAN_POINT('',(2.170262376811,0.965913801226));
#2149 = CARTESIAN_POINT('',(2.170307402361,0.967303037655));
#2150 = CARTESIAN_POINT('',(2.170325210991,0.968692233244));
#2151 = CARTESIAN_POINT('',(2.170313469616,0.970081392102));
#2152 = CARTESIAN_POINT('',(2.170269732745,0.971470519195));
#2153 = CARTESIAN_POINT('',(2.170191442473,0.972859620339));
#2154 = CARTESIAN_POINT('',(2.170075928485,0.974248702206));
#2155 = CARTESIAN_POINT('',(2.169763968948,0.977035047857));
#2156 = CARTESIAN_POINT('',(2.169567047255,0.97843231168));
#2157 = CARTESIAN_POINT('',(2.169326809244,0.979829571442));
#2158 = CARTESIAN_POINT('',(2.169040301842,0.981226835984));
#2159 = CARTESIAN_POINT('',(2.168704452635,0.982624115343));
#2160 = CARTESIAN_POINT('',(2.168316069868,0.98402142075));
#2161 = CARTESIAN_POINT('',(2.16787184245,0.985418764632));
#2162 = CARTESIAN_POINT('',(2.166774705739,0.988463703655));
#2163 = CARTESIAN_POINT('',(2.166098675653,0.990111319486));
#2164 = CARTESIAN_POINT('',(2.165334624344,0.991759030299));
#2165 = CARTESIAN_POINT('',(2.164476695594,0.993406861349));
#2166 = CARTESIAN_POINT('',(2.163518802315,0.995054840948));
#2167 = CARTESIAN_POINT('',(2.162454626543,0.996703000463));
#2168 = CARTESIAN_POINT('',(2.16127761944,0.99835137432));
#2169 = CARTESIAN_POINT('',(2.159981001294,1.));
#2170 = ( GEOMETRIC_REPRESENTATION_CONTEXT(2) 
PARAMETRIC_REPRESENTATION_CONTEXT() REPRESENTATION_CONTEXT('2D SPACE',''
  ) );
#2171 = ORIENTED_EDGE('',*,*,#2172,.T.);
#2172 = EDGE_CURVE('',#1836,#286,#2173,.T.);
#2173 = SURFACE_CURVE('',#2174,(#2177,#2183),.PCURVE_S1.);
#2174 = B_SPLINE_CURVE_WITH_KNOTS('',1,(#2175,#2176),.UNSPECIFIED.,.F.,
  .F.,(2,2),(0.,1.),.PIECEWISE_BEZIER_KNOTS.);
#2175 = CARTESIAN_POINT('',(23.199976251618,-3.31952461735E-02,
    5.459430661916));
#2176 = CARTESIAN_POINT('',(23.2,-6.369904603787E-15,5.460567163957));
#2177 = PCURVE('',#235,#2178);
#2178 = DEFINITIONAL_REPRESENTATION('',(#2179),#2182);
#2179 = B_SPLINE_CURVE_WITH_KNOTS('',1,(#2180,#2181),.UNSPECIFIED.,.F.,
  .F.,(2,2),(0.,1.),.PIECEWISE_BEZIER_KNOTS.);
#2180 = CARTESIAN_POINT('',(6.281754477115,5.459430661916));
#2181 = CARTESIAN_POINT('',(6.28318530718,5.460567163957));
#2182 = ( GEOMETRIC_REPRESENTATION_CONTEXT(2) 
PARAMETRIC_REPRESENTATION_CONTEXT() REPRESENTATION_CONTEXT('2D SPACE',''
  ) );
#2183 = PCURVE('',#464,#2184);
#2184 = DEFINITIONAL_REPRESENTATION('',(#2185),#2188);
#2185 = B_SPLINE_CURVE_WITH_KNOTS('',1,(#2186,#2187),.UNSPECIFIED.,.F.,
  .F.,(2,2),(0.,1.),.PIECEWISE_BEZIER_KNOTS.);
#2186 = CARTESIAN_POINT('',(2.159981000904,0.));
#2187 = CARTESIAN_POINT('',(2.159988483692,3.794686349074E-04));
#2188 = ( GEOMETRIC_REPRESENTATION_CONTEXT(2) 
PARAMETRIC_REPRESENTATION_CONTEXT() REPRESENTATION_CONTEXT('2D SPACE',''
  ) );
#2189 = ADVANCED_FACE('',(#2190),#270,.T.);
#2190 = FACE_BOUND('',#2191,.T.);
#2191 = EDGE_LOOP('',(#2192,#2221,#2242,#2243));
#2192 = ORIENTED_EDGE('',*,*,#2193,.F.);
#2193 = EDGE_CURVE('',#2194,#2194,#2196,.T.);
#2194 = VERTEX_POINT('',#2195);
#2195 = CARTESIAN_POINT('',(22.5,-5.510910596163E-15,94.));
#2196 = SURFACE_CURVE('',#2197,(#2202,#2209),.PCURVE_S1.);
#2197 = CIRCLE('',#2198,22.5);
#2198 = AXIS2_PLACEMENT_3D('',#2199,#2200,#2201);
#2199 = CARTESIAN_POINT('',(0.,0.,94.));
#2200 = DIRECTION('',(0.,0.,1.));
#2201 = DIRECTION('',(1.,0.,0.));
#2202 = PCURVE('',#270,#2203);
#2203 = DEFINITIONAL_REPRESENTATION('',(#2204),#2208);
#2204 = LINE('',#2205,#2206);
#2205 = CARTESIAN_POINT('',(0.,80.));
#2206 = VECTOR('',#2207,1.);
#2207 = DIRECTION('',(1.,0.));
#2208 = ( GEOMETRIC_REPRESENTATION_CONTEXT(2) 
PARAMETRIC_REPRESENTATION_CONTEXT() REPRESENTATION_CONTEXT('2D SPACE',''
  ) );
#2209 = PCURVE('',#2210,#2215);
#2210 = PLANE('',#2211);
#2211 = AXIS2_PLACEMENT_3D('',#2212,#2213,#2214);
#2212 = CARTESIAN_POINT('',(0.,0.,94.));
#2213 = DIRECTION('',(0.,0.,1.));
#2214 = DIRECTION('',(1.,0.,0.));
#2215 = DEFINITIONAL_REPRESENTATION('',(#2216),#2220);
#2216 = CIRCLE('',#2217,22.5);
#2217 = AXIS2_PLACEMENT_2D('',#2218,#2219);
#2218 = CARTESIAN_POINT('',(0.,0.));
#2219 = DIRECTION('',(1.,0.));
#2220 = ( GEOMETRIC_REPRESENTATION_CONTEXT(2) 
PARAMETRIC_REPRESENTATION_CONTEXT() REPRESENTATION_CONTEXT('2D SPACE',''
  ) );
#2221 = ORIENTED_EDGE('',*,*,#2222,.F.);
#2222 = EDGE_CURVE('',#254,#2194,#2223,.T.);
#2223 = SEAM_CURVE('',#2224,(#2228,#2235),.PCURVE_S1.);
#2224 = LINE('',#2225,#2226);
#2225 = CARTESIAN_POINT('',(22.5,-5.510910596163E-15,14.));
#2226 = VECTOR('',#2227,1.);
#2227 = DIRECTION('',(0.,0.,1.));
#2228 = PCURVE('',#270,#2229);
#2229 = DEFINITIONAL_REPRESENTATION('',(#2230),#2234);
#2230 = LINE('',#2231,#2232);
#2231 = CARTESIAN_POINT('',(6.28318530718,-0.));
#2232 = VECTOR('',#2233,1.);
#2233 = DIRECTION('',(0.,1.));
#2234 = ( GEOMETRIC_REPRESENTATION_CONTEXT(2) 
PARAMETRIC_REPRESENTATION_CONTEXT() REPRESENTATION_CONTEXT('2D SPACE',''
  ) );
#2235 = PCURVE('',#270,#2236);
#2236 = DEFINITIONAL_REPRESENTATION('',(#2237),#2241);
#2237 = LINE('',#2238,#2239);
#2238 = CARTESIAN_POINT('',(0.,-0.));
#2239 = VECTOR('',#2240,1.);
#2240 = DIRECTION('',(0.,1.));
#2241 = ( GEOMETRIC_REPRESENTATION_CONTEXT(2) 
PARAMETRIC_REPRESENTATION_CONTEXT() REPRESENTATION_CONTEXT('2D SPACE',''
  ) );
#2242 = ORIENTED_EDGE('',*,*,#253,.T.);
#2243 = ORIENTED_EDGE('',*,*,#2222,.T.);
#2244 = ADVANCED_FACE('',(#2245),#464,.T.);
#2245 = FACE_BOUND('',#2246,.T.);
#2246 = EDGE_LOOP('',(#2247,#2248,#2269,#2323,#2342));
#2247 = ORIENTED_EDGE('',*,*,#2172,.F.);
#2248 = ORIENTED_EDGE('',*,*,#2249,.T.);
#2249 = EDGE_CURVE('',#1836,#2250,#2252,.T.);
#2250 = VERTEX_POINT('',#2251);
#2251 = CARTESIAN_POINT('',(24.250000000191,-2.593365775348E-02,
    5.249551495842));
#2252 = SURFACE_CURVE('',#2253,(#2256,#2262),.PCURVE_S1.);
#2253 = B_SPLINE_CURVE_WITH_KNOTS('',1,(#2254,#2255),.UNSPECIFIED.,.F.,
  .F.,(2,2),(2.,3.),.PIECEWISE_BEZIER_KNOTS.);
#2254 = CARTESIAN_POINT('',(23.,-3.457821035239E-02,5.499401994879));
#2255 = CARTESIAN_POINT('',(24.25,-2.593365776447E-02,5.24955149616));
#2256 = PCURVE('',#464,#2257);
#2257 = DEFINITIONAL_REPRESENTATION('',(#2258),#2261);
#2258 = B_SPLINE_CURVE_WITH_KNOTS('',1,(#2259,#2260),.UNSPECIFIED.,.F.,
  .F.,(2,2),(2.159981000903,3.),.PIECEWISE_BEZIER_KNOTS.);
#2259 = CARTESIAN_POINT('',(2.159981000903,0.));
#2260 = CARTESIAN_POINT('',(3.,0.));
#2261 = ( GEOMETRIC_REPRESENTATION_CONTEXT(2) 
PARAMETRIC_REPRESENTATION_CONTEXT() REPRESENTATION_CONTEXT('2D SPACE',''
  ) );
#2262 = PCURVE('',#2045,#2263);
#2263 = DEFINITIONAL_REPRESENTATION('',(#2264),#2268);
#2264 = LINE('',#2265,#2266);
#2265 = CARTESIAN_POINT('',(0.,1.));
#2266 = VECTOR('',#2267,1.);
#2267 = DIRECTION('',(1.,0.));
#2268 = ( GEOMETRIC_REPRESENTATION_CONTEXT(2) 
PARAMETRIC_REPRESENTATION_CONTEXT() REPRESENTATION_CONTEXT('2D SPACE',''
  ) );
#2269 = ORIENTED_EDGE('',*,*,#2270,.T.);
#2270 = EDGE_CURVE('',#2250,#2271,#2273,.T.);
#2271 = VERTEX_POINT('',#2272);
#2272 = CARTESIAN_POINT('',(-19.6339055331,-14.23281159904,
    8.249551517632));
#2273 = SURFACE_CURVE('',#2274,(#2286,#2293),.PCURVE_S1.);
#2274 = ( BOUNDED_CURVE() B_SPLINE_CURVE(6,(#2275,#2276,#2277,#2278,
    #2279,#2280,#2281,#2282,#2283,#2284,#2285),.UNSPECIFIED.,.F.,.F.) 
B_SPLINE_CURVE_WITH_KNOTS((7,4,7),(0.,0.5,1.),.UNSPECIFIED.) CURVE() 
GEOMETRIC_REPRESENTATION_ITEM() RATIONAL_B_SPLINE_CURVE((1.,1.,1.,1.,1.,
1.,1.,1.,1.,1.,1.)) REPRESENTATION_ITEM('') );
#2275 = CARTESIAN_POINT('',(24.250000000381,-2.593365774249E-02,
    5.249551495524));
#2276 = CARTESIAN_POINT('',(24.255943370306,7.593864300481,
    5.499551495694));
#2277 = CARTESIAN_POINT('',(21.400553871375,15.209404808203,
    5.749551496683));
#2278 = CARTESIAN_POINT('',(15.645907923895,21.494171909417,
    5.999551500095));
#2279 = CARTESIAN_POINT('',(7.911092007456,25.032130669124,
    6.249551503793));
#2280 = CARTESIAN_POINT('',(-8.353387638422,25.802943868579,
    6.749551512095));
#2281 = CARTESIAN_POINT('',(-21.08030768484,15.646519435102,
    7.249551518599));
#2282 = CARTESIAN_POINT('',(-25.27418176857,8.246793114624,
    7.499551520499));
#2283 = CARTESIAN_POINT('',(-26.25380216985,-0.218110391444,
    7.74955152148));
#2284 = CARTESIAN_POINT('',(-24.10433082632,-8.062183272304,
    7.999551519928));
#2285 = CARTESIAN_POINT('',(-19.63390553301,-14.23281159897,
    8.249551517828));
#2286 = PCURVE('',#464,#2287);
#2287 = DEFINITIONAL_REPRESENTATION('',(#2288),#2292);
#2288 = LINE('',#2289,#2290);
#2289 = CARTESIAN_POINT('',(3.,0.));
#2290 = VECTOR('',#2291,1.);
#2291 = DIRECTION('',(0.,1.));
#2292 = ( GEOMETRIC_REPRESENTATION_CONTEXT(2) 
PARAMETRIC_REPRESENTATION_CONTEXT() REPRESENTATION_CONTEXT('2D SPACE',''
  ) );
#2293 = PCURVE('',#2294,#2317);
#2294 = ( BOUNDED_SURFACE() B_SPLINE_SURFACE(1,6,(
    (#2295,#2296,#2297,#2298,#2299,#2300,#2301,#2302,#2303,#2304,#2305)
    ,(#2306,#2307,#2308,#2309,#2310,#2311,#2312,#2313,#2314,#2315,#2316
)),.UNSPECIFIED.,.F.,.F.,.F.) B_SPLINE_SURFACE_WITH_KNOTS((2,2),(7,4,7),
(3.,4.),(0.,0.5,1.),.UNSPECIFIED.) GEOMETRIC_REPRESENTATION_ITEM() 
RATIONAL_B_SPLINE_SURFACE((
    (1.,1.,1.,1.,1.,1.,1.,1.,1.,1.,1.)
,(1.,1.,1.,1.,1.,1.,1.,1.,1.,1.,1.
  ))) REPRESENTATION_ITEM('') SURFACE() );
#2295 = CARTESIAN_POINT('',(24.250000000381,-2.593365774249E-02,
    5.249551495524));
#2296 = CARTESIAN_POINT('',(24.255943370306,7.593864300481,
    5.499551495694));
#2297 = CARTESIAN_POINT('',(21.400553871375,15.209404808203,
    5.749551496683));
#2298 = CARTESIAN_POINT('',(15.645907923895,21.494171909417,
    5.999551500095));
#2299 = CARTESIAN_POINT('',(7.911092007456,25.032130669124,
    6.249551503793));
#2300 = CARTESIAN_POINT('',(-8.353387638422,25.802943868579,
    6.749551512095));
#2301 = CARTESIAN_POINT('',(-21.08030768484,15.646519435102,
    7.249551518599));
#2302 = CARTESIAN_POINT('',(-25.27418176857,8.246793114624,
    7.499551520499));
#2303 = CARTESIAN_POINT('',(-26.25380216985,-0.218110391444,
    7.74955152148));
#2304 = CARTESIAN_POINT('',(-24.10433082632,-8.062183272304,
    7.999551519928));
#2305 = CARTESIAN_POINT('',(-19.63390553301,-14.23281159897,
    8.249551517828));
#2306 = CARTESIAN_POINT('',(24.249999999619,2.593365778609E-02,
    3.750448503205));
#2307 = CARTESIAN_POINT('',(24.239645705955,7.645726898847,
    4.000448503383));
#2308 = CARTESIAN_POINT('',(21.367974194285,15.255142720349,
    4.250448504383));
#2309 = CARTESIAN_POINT('',(15.599899198464,21.527587087518,
    4.500448507798));
#2310 = CARTESIAN_POINT('',(7.857533790183,25.04899409777,4.750448511501
    ));
#2311 = CARTESIAN_POINT('',(-8.408557311418,25.785018155434,
    5.250448519804));
#2312 = CARTESIAN_POINT('',(-21.11372511828,15.601395904939,
    5.750448526297));
#2313 = CARTESIAN_POINT('',(-25.29176266059,8.192716417831,
    6.000448528187));
#2314 = CARTESIAN_POINT('',(-26.2532756122,-0.274262992926,
    6.250448529163));
#2315 = CARTESIAN_POINT('',(-24.08703184343,-8.113720522058,
    6.500448527599));
#2316 = CARTESIAN_POINT('',(-19.60341869063,-14.27477313868,
    6.750448525493));
#2317 = DEFINITIONAL_REPRESENTATION('',(#2318),#2322);
#2318 = LINE('',#2319,#2320);
#2319 = CARTESIAN_POINT('',(3.,0.));
#2320 = VECTOR('',#2321,1.);
#2321 = DIRECTION('',(0.,1.));
#2322 = ( GEOMETRIC_REPRESENTATION_CONTEXT(2) 
PARAMETRIC_REPRESENTATION_CONTEXT() REPRESENTATION_CONTEXT('2D SPACE',''
  ) );
#2323 = ORIENTED_EDGE('',*,*,#2324,.F.);
#2324 = EDGE_CURVE('',#311,#2271,#2325,.T.);
#2325 = SURFACE_CURVE('',#2326,(#2329,#2336),.PCURVE_S1.);
#2326 = B_SPLINE_CURVE_WITH_KNOTS('',1,(#2327,#2328),.UNSPECIFIED.,.F.,
  .F.,(2,2),(2.,3.),.PIECEWISE_BEZIER_KNOTS.);
#2327 = CARTESIAN_POINT('',(-18.62771543045,-13.49108644363,
    8.499402016036));
#2328 = CARTESIAN_POINT('',(-19.63390553301,-14.23281159897,
    8.249551517828));
#2329 = PCURVE('',#464,#2330);
#2330 = DEFINITIONAL_REPRESENTATION('',(#2331),#2335);
#2331 = LINE('',#2332,#2333);
#2332 = CARTESIAN_POINT('',(0.,1.));
#2333 = VECTOR('',#2334,1.);
#2334 = DIRECTION('',(1.,0.));
#2335 = ( GEOMETRIC_REPRESENTATION_CONTEXT(2) 
PARAMETRIC_REPRESENTATION_CONTEXT() REPRESENTATION_CONTEXT('2D SPACE',''
  ) );
#2336 = PCURVE('',#745,#2337);
#2337 = DEFINITIONAL_REPRESENTATION('',(#2338),#2341);
#2338 = B_SPLINE_CURVE_WITH_KNOTS('',1,(#2339,#2340),.UNSPECIFIED.,.F.,
  .F.,(2,2),(2.15998100217,3.),.PIECEWISE_BEZIER_KNOTS.);
#2339 = CARTESIAN_POINT('',(2.15998100217,0.));
#2340 = CARTESIAN_POINT('',(3.,0.));
#2341 = ( GEOMETRIC_REPRESENTATION_CONTEXT(2) 
PARAMETRIC_REPRESENTATION_CONTEXT() REPRESENTATION_CONTEXT('2D SPACE',''
  ) );
#2342 = ORIENTED_EDGE('',*,*,#310,.F.);
#2343 = ADVANCED_FACE('',(#2344),#2045,.T.);
#2344 = FACE_BOUND('',#2345,.T.);
#2345 = EDGE_LOOP('',(#2346,#2347,#2403,#2458,#2512,#2567,#2619));
#2346 = ORIENTED_EDGE('',*,*,#1835,.F.);
#2347 = ORIENTED_EDGE('',*,*,#2348,.F.);
#2348 = EDGE_CURVE('',#2349,#1807,#2351,.T.);
#2349 = VERTEX_POINT('',#2350);
#2350 = CARTESIAN_POINT('',(-10.71497421671,21.055962998283,2.));
#2351 = SURFACE_CURVE('',#2352,(#2367,#2385),.PCURVE_S1.);
#2352 = B_SPLINE_CURVE_WITH_KNOTS('',4,(#2353,#2354,#2355,#2356,#2357,
    #2358,#2359,#2360,#2361,#2362,#2363,#2364,#2365,#2366),
  .UNSPECIFIED.,.F.,.F.,(5,3,3,3,5),(0.,0.254755886516,0.506335708807,
    0.754747159222,1.),.UNSPECIFIED.);
#2353 = CARTESIAN_POINT('',(-14.24263508306,19.626374758703,2.));
#2354 = CARTESIAN_POINT('',(-13.81379872549,19.841673129504,2.));
#2355 = CARTESIAN_POINT('',(-13.3792406978,20.04550125147,2.));
#2356 = CARTESIAN_POINT('',(-12.93938423289,20.237555003645,2.));
#2357 = CARTESIAN_POINT('',(-12.05553432507,20.595315694259,2.));
#2358 = CARTESIAN_POINT('',(-11.61166076885,20.761321394519,2.));
#2359 = CARTESIAN_POINT('',(-11.16350766502,20.915307713997,2.));
#2360 = CARTESIAN_POINT('',(-10.26528108418,21.196982527467,2.));
#2361 = CARTESIAN_POINT('',(-9.815302802588,21.324977928215,2.));
#2362 = CARTESIAN_POINT('',(-9.362069395828,21.440795545209,2.));
#2363 = CARTESIAN_POINT('',(-8.455861487478,21.646367502236,2.));
#2364 = CARTESIAN_POINT('',(-8.002956889535,21.736434645907,2.));
#2365 = CARTESIAN_POINT('',(-7.547819849517,21.814251789002,2.));
#2366 = CARTESIAN_POINT('',(-7.090944442524,21.879664139779,2.));
#2367 = PCURVE('',#2045,#2368);
#2368 = DEFINITIONAL_REPRESENTATION('',(#2369),#2384);
#2369 = B_SPLINE_CURVE_WITH_KNOTS('',4,(#2370,#2371,#2372,#2373,#2374,
    #2375,#2376,#2377,#2378,#2379,#2380,#2381,#2382,#2383),
  .UNSPECIFIED.,.F.,.F.,(5,3,3,3,5),(0.,0.254755886516,0.506335708807,
    0.754747159222,1.),.UNSPECIFIED.);
#2370 = CARTESIAN_POINT('',(3.,0.350089700766));
#2371 = CARTESIAN_POINT('',(2.937887636958,0.34698593979));
#2372 = CARTESIAN_POINT('',(2.875519934424,0.343869419473));
#2373 = CARTESIAN_POINT('',(2.812892303266,0.340739910498));
#2374 = CARTESIAN_POINT('',(2.687891780656,0.334493621915));
#2375 = CARTESIAN_POINT('',(2.625525441861,0.331377169745));
#2376 = CARTESIAN_POINT('',(2.562896426219,0.328247591586));
#2377 = CARTESIAN_POINT('',(2.437895685271,0.322001292093));
#2378 = CARTESIAN_POINT('',(2.375530646791,0.3188849049));
#2379 = CARTESIAN_POINT('',(2.312900338129,0.315755262129));
#2380 = CARTESIAN_POINT('',(2.187899454368,0.309508955499));
#2381 = CARTESIAN_POINT('',(2.125535695811,0.306392632264));
#2382 = CARTESIAN_POINT('',(2.062904154575,0.303262927901));
#2383 = CARTESIAN_POINT('',(2.,0.300119601023));
#2384 = ( GEOMETRIC_REPRESENTATION_CONTEXT(2) 
PARAMETRIC_REPRESENTATION_CONTEXT() REPRESENTATION_CONTEXT('2D SPACE',''
  ) );
#2385 = PCURVE('',#1823,#2386);
#2386 = DEFINITIONAL_REPRESENTATION('',(#2387),#2402);
#2387 = B_SPLINE_CURVE_WITH_KNOTS('',4,(#2388,#2389,#2390,#2391,#2392,
    #2393,#2394,#2395,#2396,#2397,#2398,#2399,#2400,#2401),
  .UNSPECIFIED.,.F.,.F.,(5,3,3,3,5),(0.,0.254755886516,0.506335708807,
    0.754747159222,1.),.UNSPECIFIED.);
#2388 = CARTESIAN_POINT('',(-14.24263508306,19.626374758703));
#2389 = CARTESIAN_POINT('',(-13.81379872549,19.841673129504));
#2390 = CARTESIAN_POINT('',(-13.3792406978,20.04550125147));
#2391 = CARTESIAN_POINT('',(-12.93938423289,20.237555003645));
#2392 = CARTESIAN_POINT('',(-12.05553432507,20.595315694259));
#2393 = CARTESIAN_POINT('',(-11.61166076885,20.761321394519));
#2394 = CARTESIAN_POINT('',(-11.16350766502,20.915307713997));
#2395 = CARTESIAN_POINT('',(-10.26528108418,21.196982527467));
#2396 = CARTESIAN_POINT('',(-9.815302802588,21.324977928215));
#2397 = CARTESIAN_POINT('',(-9.362069395828,21.440795545209));
#2398 = CARTESIAN_POINT('',(-8.455861487478,21.646367502236));
#2399 = CARTESIAN_POINT('',(-8.002956889535,21.736434645907));
#2400 = CARTESIAN_POINT('',(-7.547819849517,21.814251789002));
#2401 = CARTESIAN_POINT('',(-7.090944442524,21.879664139779));
#2402 = ( GEOMETRIC_REPRESENTATION_CONTEXT(2) 
PARAMETRIC_REPRESENTATION_CONTEXT() REPRESENTATION_CONTEXT('2D SPACE',''
  ) );
#2403 = ORIENTED_EDGE('',*,*,#2404,.F.);
#2404 = EDGE_CURVE('',#2405,#2349,#2407,.T.);
#2405 = VERTEX_POINT('',#2406);
#2406 = CARTESIAN_POINT('',(-23.95035906347,3.803797881117,
    2.625037676297));
#2407 = SURFACE_CURVE('',#2408,(#2421,#2437),.PCURVE_S1.);
#2408 = B_SPLINE_CURVE_WITH_KNOTS('',6,(#2409,#2410,#2411,#2412,#2413,
    #2414,#2415,#2416,#2417,#2418,#2419,#2420),.UNSPECIFIED.,.F.,.F.,(7,
    5,7),(0.,0.516040062984,1.),.UNSPECIFIED.);
#2409 = CARTESIAN_POINT('',(-23.95035906347,3.803797881117,
    2.625037676297));
#2410 = CARTESIAN_POINT('',(-23.59360205356,5.712097053112,2.57202136153
    ));
#2411 = CARTESIAN_POINT('',(-23.05339500962,7.586353648844,
    2.518844682722));
#2412 = CARTESIAN_POINT('',(-22.33323688212,9.403812380458,
    2.465477721543));
#2413 = CARTESIAN_POINT('',(-21.4404623029,11.143086870966,
    2.411950556531));
#2414 = CARTESIAN_POINT('',(-20.38532603752,12.783804574511,
    2.358277612772));
#2415 = CARTESIAN_POINT('',(-18.05351828898,15.735766813171,
    2.254029343361));
#2416 = CARTESIAN_POINT('',(-16.7944338554,17.061485711073,2.20345720462
    ));
#2417 = CARTESIAN_POINT('',(-15.41635059604,18.268689430105,
    2.152783260969));
#2418 = CARTESIAN_POINT('',(-13.93302657914,19.344070240483,
    2.101993947534));
#2419 = CARTESIAN_POINT('',(-12.35997828956,20.276148897412,
    2.051065136547));
#2420 = CARTESIAN_POINT('',(-10.71497421671,21.055962998283,2.));
#2421 = PCURVE('',#2045,#2422);
#2422 = DEFINITIONAL_REPRESENTATION('',(#2423),#2436);
#2423 = B_SPLINE_CURVE_WITH_KNOTS('',6,(#2424,#2425,#2426,#2427,#2428,
    #2429,#2430,#2431,#2432,#2433,#2434,#2435),.UNSPECIFIED.,.F.,.F.,(7,
    5,7),(0.,0.516040062984,1.),.UNSPECIFIED.);
#2424 = CARTESIAN_POINT('',(3.,0.475097236027));
#2425 = CARTESIAN_POINT('',(2.957324183392,0.462361458261));
#2426 = CARTESIAN_POINT('',(2.914607932616,0.449591587187));
#2427 = CARTESIAN_POINT('',(2.872055465086,0.436791843904));
#2428 = CARTESIAN_POINT('',(2.829508149413,0.423960317293));
#2429 = CARTESIAN_POINT('',(2.786837791675,0.411093486509));
#2430 = CARTESIAN_POINT('',(2.703825982307,0.386095724233));
#2431 = CARTESIAN_POINT('',(2.663495626028,0.373965984558));
#2432 = CARTESIAN_POINT('',(2.622970488501,0.361806150664));
#2433 = CARTESIAN_POINT('',(2.582255826491,0.349613772255));
#2434 = CARTESIAN_POINT('',(2.541409187955,0.337386899456));
#2435 = CARTESIAN_POINT('',(2.500476755981,0.325128474438));
#2436 = ( GEOMETRIC_REPRESENTATION_CONTEXT(2) 
PARAMETRIC_REPRESENTATION_CONTEXT() REPRESENTATION_CONTEXT('2D SPACE',''
  ) );
#2437 = PCURVE('',#2438,#2443);
#2438 = CONICAL_SURFACE('',#2439,24.251,0.785398163397);
#2439 = AXIS2_PLACEMENT_3D('',#2440,#2441,#2442);
#2440 = CARTESIAN_POINT('',(0.,0.,2.6255));
#2441 = DIRECTION('',(0.,0.,1.));
#2442 = DIRECTION('',(1.,0.,0.));
#2443 = DEFINITIONAL_REPRESENTATION('',(#2444),#2457);
#2444 = B_SPLINE_CURVE_WITH_KNOTS('',6,(#2445,#2446,#2447,#2448,#2449,
    #2450,#2451,#2452,#2453,#2454,#2455,#2456),.UNSPECIFIED.,.F.,.F.,(7,
    5,7),(0.,0.516040062984,1.),.UNSPECIFIED.);
#2445 = CARTESIAN_POINT('',(2.984088073225,-4.623237026607E-04));
#2446 = CARTESIAN_POINT('',(2.904063594394,-5.347863847045E-02));
#2447 = CARTESIAN_POINT('',(2.823819241754,-0.106655317278));
#2448 = CARTESIAN_POINT('',(2.743376274158,-0.160022278457));
#2449 = CARTESIAN_POINT('',(2.662720335005,-0.213549443469));
#2450 = CARTESIAN_POINT('',(2.58183653741,-0.267222387228));
#2451 = CARTESIAN_POINT('',(2.424695126272,-0.371470656639));
#2452 = CARTESIAN_POINT('',(2.348445036923,-0.422042795232));
#2453 = CARTESIAN_POINT('',(2.272011008776,-0.472716739431));
#2454 = CARTESIAN_POINT('',(2.195382989406,-0.523506052022));
#2455 = CARTESIAN_POINT('',(2.118548682969,-0.574434863664));
#2456 = CARTESIAN_POINT('',(2.041523268218,-0.6255));
#2457 = ( GEOMETRIC_REPRESENTATION_CONTEXT(2) 
PARAMETRIC_REPRESENTATION_CONTEXT() REPRESENTATION_CONTEXT('2D SPACE',''
  ) );
#2458 = ORIENTED_EDGE('',*,*,#2459,.T.);
#2459 = EDGE_CURVE('',#2405,#2460,#2462,.T.);
#2460 = VERTEX_POINT('',#2461);
#2461 = CARTESIAN_POINT('',(10.811934212148,-21.70744295379,
    4.368092762676));
#2462 = SURFACE_CURVE('',#2463,(#2475,#2482),.PCURVE_S1.);
#2463 = ( BOUNDED_CURVE() B_SPLINE_CURVE(6,(#2464,#2465,#2466,#2467,
    #2468,#2469,#2470,#2471,#2472,#2473,#2474),.UNSPECIFIED.,.F.,.F.) 
B_SPLINE_CURVE_WITH_KNOTS((7,4,7),(0.,0.5,1.),.UNSPECIFIED.) CURVE() 
GEOMETRIC_REPRESENTATION_ITEM() RATIONAL_B_SPLINE_CURVE((1.,1.,1.,1.,1.,
1.,1.,1.,1.,1.,1.)) REPRESENTATION_ITEM('') );
#2464 = CARTESIAN_POINT('',(24.25,-2.593365776482E-02,0.24955149616));
#2465 = CARTESIAN_POINT('',(24.177943375638,12.668515544481,
    0.666218162827));
#2466 = CARTESIAN_POINT('',(16.550901960433,25.371044268019,
    1.082884829446));
#2467 = CARTESIAN_POINT('',(-0.109855626746,31.899177171925,
    1.499551496178));
#2468 = CARTESIAN_POINT('',(-16.27680941925,25.40615118065,
    1.916218162845));
#2469 = CARTESIAN_POINT('',(-32.19603914765,3.44313839438E-02,
    2.74955149616));
#2470 = CARTESIAN_POINT('',(-16.33111228543,-25.37127931748,
    3.582884829473));
#2471 = CARTESIAN_POINT('',(-0.178083119556,-31.89886924186,
    3.999551496142));
#2472 = CARTESIAN_POINT('',(16.496599094251,-25.4063862301,
    4.416218162873));
#2473 = CARTESIAN_POINT('',(24.150791942547,-12.72019970458,
    4.832884829492));
#2474 = CARTESIAN_POINT('',(24.25,-2.593365776447E-02,5.24955149616));
#2475 = PCURVE('',#2045,#2476);
#2476 = DEFINITIONAL_REPRESENTATION('',(#2477),#2481);
#2477 = LINE('',#2478,#2479);
#2478 = CARTESIAN_POINT('',(3.,0.));
#2479 = VECTOR('',#2480,1.);
#2480 = DIRECTION('',(0.,1.));
#2481 = ( GEOMETRIC_REPRESENTATION_CONTEXT(2) 
PARAMETRIC_REPRESENTATION_CONTEXT() REPRESENTATION_CONTEXT('2D SPACE',''
  ) );
#2482 = PCURVE('',#2483,#2506);
#2483 = ( BOUNDED_SURFACE() B_SPLINE_SURFACE(1,6,(
    (#2484,#2485,#2486,#2487,#2488,#2489,#2490,#2491,#2492,#2493,#2494)
    ,(#2495,#2496,#2497,#2498,#2499,#2500,#2501,#2502,#2503,#2504,#2505
)),.UNSPECIFIED.,.F.,.F.,.F.) B_SPLINE_SURFACE_WITH_KNOTS((2,2),(7,4,7),
(3.,4.),(0.,0.5,1.),.UNSPECIFIED.) GEOMETRIC_REPRESENTATION_ITEM() 
RATIONAL_B_SPLINE_SURFACE((
    (1.,1.,1.,1.,1.,1.,1.,1.,1.,1.,1.)
,(1.,1.,1.,1.,1.,1.,1.,1.,1.,1.,1.
  ))) REPRESENTATION_ITEM('') SURFACE() );
#2484 = CARTESIAN_POINT('',(24.25,-2.593365776482E-02,0.24955149616));
#2485 = CARTESIAN_POINT('',(24.177943375638,12.668515544481,
    0.666218162827));
#2486 = CARTESIAN_POINT('',(16.550901960433,25.371044268019,
    1.082884829446));
#2487 = CARTESIAN_POINT('',(-0.109855626746,31.899177171925,
    1.499551496178));
#2488 = CARTESIAN_POINT('',(-16.27680941925,25.40615118065,
    1.916218162845));
#2489 = CARTESIAN_POINT('',(-32.19603914765,3.44313839438E-02,
    2.74955149616));
#2490 = CARTESIAN_POINT('',(-16.33111228543,-25.37127931748,
    3.582884829473));
#2491 = CARTESIAN_POINT('',(-0.178083119556,-31.89886924186,
    3.999551496142));
#2492 = CARTESIAN_POINT('',(16.496599094251,-25.4063862301,
    4.416218162873));
#2493 = CARTESIAN_POINT('',(24.150791942547,-12.72019970458,
    4.832884829492));
#2494 = CARTESIAN_POINT('',(24.25,-2.593365776447E-02,5.24955149616));
#2495 = CARTESIAN_POINT('',(24.25,2.593365776377E-02,-1.24955149616));
#2496 = CARTESIAN_POINT('',(24.150791942547,12.720199704583,
    -0.832884829492));
#2497 = CARTESIAN_POINT('',(16.496599094252,25.406386230117,
    -0.416218162873));
#2498 = CARTESIAN_POINT('',(-0.178083119563,31.898869241865,
    4.485038584845E-04));
#2499 = CARTESIAN_POINT('',(-16.33111228543,25.371279317479,
    0.417115170526));
#2500 = CARTESIAN_POINT('',(-32.19603914765,-3.443138394256E-02,
    1.250448503841));
#2501 = CARTESIAN_POINT('',(-16.27680941925,-25.40615118065,
    2.083781837154));
#2502 = CARTESIAN_POINT('',(-0.10985562674,-31.89917717193,
    2.500448503822));
#2503 = CARTESIAN_POINT('',(16.550901960433,-25.37104426801,
    2.917115170554));
#2504 = CARTESIAN_POINT('',(24.177943375638,-12.66851554448,
    3.333781837173));
#2505 = CARTESIAN_POINT('',(24.25,2.593365776411E-02,3.75044850384));
#2506 = DEFINITIONAL_REPRESENTATION('',(#2507),#2511);
#2507 = LINE('',#2508,#2509);
#2508 = CARTESIAN_POINT('',(3.,0.));
#2509 = VECTOR('',#2510,1.);
#2510 = DIRECTION('',(0.,1.));
#2511 = ( GEOMETRIC_REPRESENTATION_CONTEXT(2) 
PARAMETRIC_REPRESENTATION_CONTEXT() REPRESENTATION_CONTEXT('2D SPACE',''
  ) );
#2512 = ORIENTED_EDGE('',*,*,#2513,.T.);
#2513 = EDGE_CURVE('',#2460,#2514,#2516,.T.);
#2514 = VERTEX_POINT('',#2515);
#2515 = CARTESIAN_POINT('',(18.888579851748,-15.20962038264,
    4.710910405761));
#2516 = SURFACE_CURVE('',#2517,(#2530,#2546),.PCURVE_S1.);
#2517 = B_SPLINE_CURVE_WITH_KNOTS('',6,(#2518,#2519,#2520,#2521,#2522,
    #2523,#2524,#2525,#2526,#2527,#2528,#2529),.UNSPECIFIED.,.F.,.F.,(7,
    5,7),(0.,0.583515439528,1.),.UNSPECIFIED.);
#2518 = CARTESIAN_POINT('',(10.811934212169,-21.70744295378,
    4.368092762677));
#2519 = CARTESIAN_POINT('',(11.721327828902,-21.25449674643,
    4.401484050363));
#2520 = CARTESIAN_POINT('',(12.607959731916,-20.75582933979,
    4.434879729412));
#2521 = CARTESIAN_POINT('',(13.468936982929,-20.21287960925,
    4.468274483965));
#2522 = CARTESIAN_POINT('',(14.30152037549,-19.62731819112,
    4.501661713962));
#2523 = CARTESIAN_POINT('',(15.10311342917,-19.00102968387,
    4.535032436885));
#2524 = CARTESIAN_POINT('',(16.419549806342,-17.86155677736,
    4.592176164615));
#2525 = CARTESIAN_POINT('',(16.950799197299,-17.36730867538,
    4.615962397704));
#2526 = CARTESIAN_POINT('',(17.464137001605,-16.85415179879,
    4.639731902016));
#2527 = CARTESIAN_POINT('',(17.958727954704,-16.32290113271,
    4.663481355349));
#2528 = CARTESIAN_POINT('',(18.43378710701,-15.77442008565,
    4.687208059641));
#2529 = CARTESIAN_POINT('',(18.888579851745,-15.20962038264,
    4.710910405761));
#2530 = PCURVE('',#2045,#2531);
#2531 = DEFINITIONAL_REPRESENTATION('',(#2532),#2545);
#2532 = B_SPLINE_CURVE_WITH_KNOTS('',6,(#2533,#2534,#2535,#2536,#2537,
    #2538,#2539,#2540,#2541,#2542,#2543,#2544),.UNSPECIFIED.,.F.,.F.,(7,
    5,7),(0.,0.583515439528,1.),.UNSPECIFIED.);
#2533 = CARTESIAN_POINT('',(3.,0.823708253302));
#2534 = CARTESIAN_POINT('',(2.999742315344,0.830373634311));
#2535 = CARTESIAN_POINT('',(2.999474623881,0.837039393552));
#2536 = CARTESIAN_POINT('',(2.999219165083,0.84370557916));
#2537 = CARTESIAN_POINT('',(2.99900739608,0.850372443041));
#2538 = CARTESIAN_POINT('',(2.998878910737,0.857040167201));
#2539 = CARTESIAN_POINT('',(2.998864861069,0.868468210683));
#2540 = CARTESIAN_POINT('',(2.99892030665,0.873228227923));
#2541 = CARTESIAN_POINT('',(2.9990504063,0.877988629877));
#2542 = CARTESIAN_POINT('',(2.999268108962,0.882749399168));
#2543 = CARTESIAN_POINT('',(2.999583275719,0.88751048894));
#2544 = CARTESIAN_POINT('',(3.,0.892271781918));
#2545 = ( GEOMETRIC_REPRESENTATION_CONTEXT(2) 
PARAMETRIC_REPRESENTATION_CONTEXT() REPRESENTATION_CONTEXT('2D SPACE',''
  ) );
#2546 = PCURVE('',#2547,#2552);
#2547 = CYLINDRICAL_SURFACE('',#2548,24.251);
#2548 = AXIS2_PLACEMENT_3D('',#2549,#2550,#2551);
#2549 = CARTESIAN_POINT('',(0.,0.,2.));
#2550 = DIRECTION('',(-0.,-0.,-1.));
#2551 = DIRECTION('',(1.,0.,0.));
#2552 = DEFINITIONAL_REPRESENTATION('',(#2553),#2566);
#2553 = B_SPLINE_CURVE_WITH_KNOTS('',6,(#2554,#2555,#2556,#2557,#2558,
    #2559,#2560,#2561,#2562,#2563,#2564,#2565),.UNSPECIFIED.,.F.,.F.,(7,
    5,7),(0.,0.583515439528,1.),.UNSPECIFIED.);
#2554 = CARTESIAN_POINT('',(-5.174495387761,-2.368092762677));
#2555 = CARTESIAN_POINT('',(-5.216388558627,-2.401484050363));
#2556 = CARTESIAN_POINT('',(-5.258282129188,-2.434879729412));
#2557 = CARTESIAN_POINT('',(-5.300175221559,-2.468274483965));
#2558 = CARTESIAN_POINT('',(-5.34206833492,-2.501661713962));
#2559 = CARTESIAN_POINT('',(-5.383961973919,-2.535032436885));
#2560 = CARTESIAN_POINT('',(-5.455756643912,-2.592176164615));
#2561 = CARTESIAN_POINT('',(-5.485658150601,-2.615962397704));
#2562 = CARTESIAN_POINT('',(-5.51555962033,-2.639731902016));
#2563 = CARTESIAN_POINT('',(-5.545461140858,-2.663481355349));
#2564 = CARTESIAN_POINT('',(-5.575362804825,-2.687208059641));
#2565 = CARTESIAN_POINT('',(-5.605264454786,-2.710910405761));
#2566 = ( GEOMETRIC_REPRESENTATION_CONTEXT(2) 
PARAMETRIC_REPRESENTATION_CONTEXT() REPRESENTATION_CONTEXT('2D SPACE',''
  ) );
#2567 = ORIENTED_EDGE('',*,*,#2568,.T.);
#2568 = EDGE_CURVE('',#2514,#2250,#2569,.T.);
#2569 = SURFACE_CURVE('',#2570,(#2582,#2589),.PCURVE_S1.);
#2570 = ( BOUNDED_CURVE() B_SPLINE_CURVE(6,(#2571,#2572,#2573,#2574,
    #2575,#2576,#2577,#2578,#2579,#2580,#2581),.UNSPECIFIED.,.F.,.F.) 
B_SPLINE_CURVE_WITH_KNOTS((7,4,7),(0.,0.5,1.),.UNSPECIFIED.) CURVE() 
GEOMETRIC_REPRESENTATION_ITEM() RATIONAL_B_SPLINE_CURVE((1.,1.,1.,1.,1.,
1.,1.,1.,1.,1.,1.)) REPRESENTATION_ITEM('') );
#2571 = CARTESIAN_POINT('',(24.25,-2.593365776482E-02,0.24955149616));
#2572 = CARTESIAN_POINT('',(24.177943375638,12.668515544481,
    0.666218162827));
#2573 = CARTESIAN_POINT('',(16.550901960433,25.371044268019,
    1.082884829446));
#2574 = CARTESIAN_POINT('',(-0.109855626746,31.899177171925,
    1.499551496178));
#2575 = CARTESIAN_POINT('',(-16.27680941925,25.40615118065,
    1.916218162845));
#2576 = CARTESIAN_POINT('',(-32.19603914765,3.44313839438E-02,
    2.74955149616));
#2577 = CARTESIAN_POINT('',(-16.33111228543,-25.37127931748,
    3.582884829473));
#2578 = CARTESIAN_POINT('',(-0.178083119556,-31.89886924186,
    3.999551496142));
#2579 = CARTESIAN_POINT('',(16.496599094251,-25.4063862301,
    4.416218162873));
#2580 = CARTESIAN_POINT('',(24.150791942547,-12.72019970458,
    4.832884829492));
#2581 = CARTESIAN_POINT('',(24.25,-2.593365776447E-02,5.24955149616));
#2582 = PCURVE('',#2045,#2583);
#2583 = DEFINITIONAL_REPRESENTATION('',(#2584),#2588);
#2584 = LINE('',#2585,#2586);
#2585 = CARTESIAN_POINT('',(3.,0.));
#2586 = VECTOR('',#2587,1.);
#2587 = DIRECTION('',(0.,1.));
#2588 = ( GEOMETRIC_REPRESENTATION_CONTEXT(2) 
PARAMETRIC_REPRESENTATION_CONTEXT() REPRESENTATION_CONTEXT('2D SPACE',''
  ) );
#2589 = PCURVE('',#2590,#2613);
#2590 = ( BOUNDED_SURFACE() B_SPLINE_SURFACE(1,6,(
    (#2591,#2592,#2593,#2594,#2595,#2596,#2597,#2598,#2599,#2600,#2601)
    ,(#2602,#2603,#2604,#2605,#2606,#2607,#2608,#2609,#2610,#2611,#2612
)),.UNSPECIFIED.,.F.,.F.,.F.) B_SPLINE_SURFACE_WITH_KNOTS((2,2),(7,4,7),
(3.,4.),(0.,0.5,1.),.UNSPECIFIED.) GEOMETRIC_REPRESENTATION_ITEM() 
RATIONAL_B_SPLINE_SURFACE((
    (1.,1.,1.,1.,1.,1.,1.,1.,1.,1.,1.)
,(1.,1.,1.,1.,1.,1.,1.,1.,1.,1.,1.
  ))) REPRESENTATION_ITEM('') SURFACE() );
#2591 = CARTESIAN_POINT('',(24.25,-2.593365776482E-02,0.24955149616));
#2592 = CARTESIAN_POINT('',(24.177943375638,12.668515544481,
    0.666218162827));
#2593 = CARTESIAN_POINT('',(16.550901960433,25.371044268019,
    1.082884829446));
#2594 = CARTESIAN_POINT('',(-0.109855626746,31.899177171925,
    1.499551496178));
#2595 = CARTESIAN_POINT('',(-16.27680941925,25.40615118065,
    1.916218162845));
#2596 = CARTESIAN_POINT('',(-32.19603914765,3.44313839438E-02,
    2.74955149616));
#2597 = CARTESIAN_POINT('',(-16.33111228543,-25.37127931748,
    3.582884829473));
#2598 = CARTESIAN_POINT('',(-0.178083119556,-31.89886924186,
    3.999551496142));
#2599 = CARTESIAN_POINT('',(16.496599094251,-25.4063862301,
    4.416218162873));
#2600 = CARTESIAN_POINT('',(24.150791942547,-12.72019970458,
    4.832884829492));
#2601 = CARTESIAN_POINT('',(24.25,-2.593365776447E-02,5.24955149616));
#2602 = CARTESIAN_POINT('',(24.25,2.593365776377E-02,-1.24955149616));
#2603 = CARTESIAN_POINT('',(24.150791942547,12.720199704583,
    -0.832884829492));
#2604 = CARTESIAN_POINT('',(16.496599094252,25.406386230117,
    -0.416218162873));
#2605 = CARTESIAN_POINT('',(-0.178083119563,31.898869241865,
    4.485038584845E-04));
#2606 = CARTESIAN_POINT('',(-16.33111228543,25.371279317479,
    0.417115170526));
#2607 = CARTESIAN_POINT('',(-32.19603914765,-3.443138394256E-02,
    1.250448503841));
#2608 = CARTESIAN_POINT('',(-16.27680941925,-25.40615118065,
    2.083781837154));
#2609 = CARTESIAN_POINT('',(-0.10985562674,-31.89917717193,
    2.500448503822));
#2610 = CARTESIAN_POINT('',(16.550901960433,-25.37104426801,
    2.917115170554));
#2611 = CARTESIAN_POINT('',(24.177943375638,-12.66851554448,
    3.333781837173));
#2612 = CARTESIAN_POINT('',(24.25,2.593365776411E-02,3.75044850384));
#2613 = DEFINITIONAL_REPRESENTATION('',(#2614),#2618);
#2614 = LINE('',#2615,#2616);
#2615 = CARTESIAN_POINT('',(3.,0.));
#2616 = VECTOR('',#2617,1.);
#2617 = DIRECTION('',(0.,1.));
#2618 = ( GEOMETRIC_REPRESENTATION_CONTEXT(2) 
PARAMETRIC_REPRESENTATION_CONTEXT() REPRESENTATION_CONTEXT('2D SPACE',''
  ) );
#2619 = ORIENTED_EDGE('',*,*,#2249,.F.);
#2620 = ADVANCED_FACE('',(#2621),#1823,.F.);
#2621 = FACE_BOUND('',#2622,.F.);
#2622 = EDGE_LOOP('',(#2623,#2624,#2648,#2702));
#2623 = ORIENTED_EDGE('',*,*,#2348,.F.);
#2624 = ORIENTED_EDGE('',*,*,#2625,.T.);
#2625 = EDGE_CURVE('',#2349,#2626,#2628,.T.);
#2626 = VERTEX_POINT('',#2627);
#2627 = CARTESIAN_POINT('',(-10.71497421671,-21.05596299828,2.));
#2628 = SURFACE_CURVE('',#2629,(#2634,#2641),.PCURVE_S1.);
#2629 = CIRCLE('',#2630,23.6255);
#2630 = AXIS2_PLACEMENT_3D('',#2631,#2632,#2633);
#2631 = CARTESIAN_POINT('',(0.,0.,2.));
#2632 = DIRECTION('',(0.,0.,1.));
#2633 = DIRECTION('',(1.,0.,0.));
#2634 = PCURVE('',#1823,#2635);
#2635 = DEFINITIONAL_REPRESENTATION('',(#2636),#2640);
#2636 = CIRCLE('',#2637,23.6255);
#2637 = AXIS2_PLACEMENT_2D('',#2638,#2639);
#2638 = CARTESIAN_POINT('',(1.353287005936E-15,-1.716610361001E-15));
#2639 = DIRECTION('',(1.,0.));
#2640 = ( GEOMETRIC_REPRESENTATION_CONTEXT(2) 
PARAMETRIC_REPRESENTATION_CONTEXT() REPRESENTATION_CONTEXT('2D SPACE',''
  ) );
#2641 = PCURVE('',#2438,#2642);
#2642 = DEFINITIONAL_REPRESENTATION('',(#2643),#2647);
#2643 = LINE('',#2644,#2645);
#2644 = CARTESIAN_POINT('',(0.,-0.6255));
#2645 = VECTOR('',#2646,1.);
#2646 = DIRECTION('',(1.,-0.));
#2647 = ( GEOMETRIC_REPRESENTATION_CONTEXT(2) 
PARAMETRIC_REPRESENTATION_CONTEXT() REPRESENTATION_CONTEXT('2D SPACE',''
  ) );
#2648 = ORIENTED_EDGE('',*,*,#2649,.F.);
#2649 = EDGE_CURVE('',#1598,#2626,#2650,.T.);
#2650 = SURFACE_CURVE('',#2651,(#2666,#2684),.PCURVE_S1.);
#2651 = B_SPLINE_CURVE_WITH_KNOTS('',4,(#2652,#2653,#2654,#2655,#2656,
    #2657,#2658,#2659,#2660,#2661,#2662,#2663,#2664,#2665),
  .UNSPECIFIED.,.F.,.F.,(5,3,3,3,5),(0.,0.246240187538,0.494664293066,
    0.746256806003,1.),.UNSPECIFIED.);
#2652 = CARTESIAN_POINT('',(-7.090944442524,-21.87966413977,2.));
#2653 = CARTESIAN_POINT('',(-7.549659153285,-21.81398844984,2.));
#2654 = CARTESIAN_POINT('',(-8.006621472462,-21.73580788661,2.));
#2655 = CARTESIAN_POINT('',(-8.461331332698,-21.64527912166,2.));
#2656 = CARTESIAN_POINT('',(-9.369309111389,-21.43899695243,2.));
#2657 = CARTESIAN_POINT('',(-9.82252855829,-21.3230268182,2.));
#2658 = CARTESIAN_POINT('',(-10.27248878095,-21.19487936162,2.));
#2659 = CARTESIAN_POINT('',(-11.17067064273,-20.9128998111,2.));
#2660 = CARTESIAN_POINT('',(-11.61879698632,-20.75876083849,2.));
#2661 = CARTESIAN_POINT('',(-12.06263969088,-20.59260329258,2.));
#2662 = CARTESIAN_POINT('',(-12.94462946652,-20.23526411944,2.));
#2663 = CARTESIAN_POINT('',(-13.38269547324,-20.04388057514,2.));
#2664 = CARTESIAN_POINT('',(-13.81550341368,-19.84081728651,2.));
#2665 = CARTESIAN_POINT('',(-14.24263508306,-19.6263747587,2.));
#2666 = PCURVE('',#1823,#2667);
#2667 = DEFINITIONAL_REPRESENTATION('',(#2668),#2683);
#2668 = B_SPLINE_CURVE_WITH_KNOTS('',4,(#2669,#2670,#2671,#2672,#2673,
    #2674,#2675,#2676,#2677,#2678,#2679,#2680,#2681,#2682),
  .UNSPECIFIED.,.F.,.F.,(5,3,3,3,5),(0.,0.246240187538,0.494664293066,
    0.746256806003,1.),.UNSPECIFIED.);
#2669 = CARTESIAN_POINT('',(-7.090944442524,-21.87966413977));
#2670 = CARTESIAN_POINT('',(-7.549659153285,-21.81398844984));
#2671 = CARTESIAN_POINT('',(-8.006621472462,-21.73580788661));
#2672 = CARTESIAN_POINT('',(-8.461331332698,-21.64527912166));
#2673 = CARTESIAN_POINT('',(-9.369309111389,-21.43899695243));
#2674 = CARTESIAN_POINT('',(-9.82252855829,-21.3230268182));
#2675 = CARTESIAN_POINT('',(-10.27248878095,-21.19487936162));
#2676 = CARTESIAN_POINT('',(-11.17067064273,-20.9128998111));
#2677 = CARTESIAN_POINT('',(-11.61879698632,-20.75876083849));
#2678 = CARTESIAN_POINT('',(-12.06263969088,-20.59260329258));
#2679 = CARTESIAN_POINT('',(-12.94462946652,-20.23526411944));
#2680 = CARTESIAN_POINT('',(-13.38269547324,-20.04388057514));
#2681 = CARTESIAN_POINT('',(-13.81550341368,-19.84081728651));
#2682 = CARTESIAN_POINT('',(-14.24263508306,-19.6263747587));
#2683 = ( GEOMETRIC_REPRESENTATION_CONTEXT(2) 
PARAMETRIC_REPRESENTATION_CONTEXT() REPRESENTATION_CONTEXT('2D SPACE',''
  ) );
#2684 = PCURVE('',#1517,#2685);
#2685 = DEFINITIONAL_REPRESENTATION('',(#2686),#2701);
#2686 = B_SPLINE_CURVE_WITH_KNOTS('',4,(#2687,#2688,#2689,#2690,#2691,
    #2692,#2693,#2694,#2695,#2696,#2697,#2698,#2699,#2700),
  .UNSPECIFIED.,.F.,.F.,(5,3,3,3,5),(0.,0.246240187538,0.494664293066,
    0.746256806003,1.),.UNSPECIFIED.);
#2687 = CARTESIAN_POINT('',(5.,0.699880398977));
#2688 = CARTESIAN_POINT('',(4.936842603848,0.696724417592));
#2689 = CARTESIAN_POINT('',(4.873960020432,0.693582168627));
#2690 = CARTESIAN_POINT('',(4.811347360532,0.690453407766));
#2691 = CARTESIAN_POINT('',(4.686099677242,0.68419476854));
#2692 = CARTESIAN_POINT('',(4.623469373607,0.68106512602));
#2693 = CARTESIAN_POINT('',(4.561104329998,0.67794873857));
#2694 = CARTESIAN_POINT('',(4.436103589785,0.671702439114));
#2695 = CARTESIAN_POINT('',(4.373474579482,0.668572861222));
#2696 = CARTESIAN_POINT('',(4.311108235385,0.665456408787));
#2697 = CARTESIAN_POINT('',(4.186360846568,0.659222769325));
#2698 = CARTESIAN_POINT('',(4.123984227796,0.656105803463));
#2699 = CARTESIAN_POINT('',(4.061865457178,0.6530017223));
#2700 = CARTESIAN_POINT('',(4.,0.649910299234));
#2701 = ( GEOMETRIC_REPRESENTATION_CONTEXT(2) 
PARAMETRIC_REPRESENTATION_CONTEXT() REPRESENTATION_CONTEXT('2D SPACE',''
  ) );
#2702 = ORIENTED_EDGE('',*,*,#1806,.F.);
#2703 = ADVANCED_FACE('',(#2704),#1517,.T.);
#2704 = FACE_BOUND('',#2705,.T.);
#2705 = EDGE_LOOP('',(#2706,#2739,#2787,#2788,#2789,#2790,#2811,#2842));
#2706 = ORIENTED_EDGE('',*,*,#2707,.F.);
#2707 = EDGE_CURVE('',#2708,#2710,#2712,.T.);
#2708 = VERTEX_POINT('',#2709);
#2709 = CARTESIAN_POINT('',(3.775534153345,-23.95382029986,
    2.624039482255));
#2710 = VERTEX_POINT('',#2711);
#2711 = CARTESIAN_POINT('',(10.8583385697,-21.68426813396,2.868989770184
    ));
#2712 = SURFACE_CURVE('',#2713,(#2725,#2732),.PCURVE_S1.);
#2713 = ( BOUNDED_CURVE() B_SPLINE_CURVE(6,(#2714,#2715,#2716,#2717,
    #2718,#2719,#2720,#2721,#2722,#2723,#2724),.UNSPECIFIED.,.F.,.F.) 
B_SPLINE_CURVE_WITH_KNOTS((7,4,7),(0.,0.5,1.),.UNSPECIFIED.) CURVE() 
GEOMETRIC_REPRESENTATION_ITEM() RATIONAL_B_SPLINE_CURVE((1.,1.,1.,1.,1.,
1.,1.,1.,1.,1.,1.)) REPRESENTATION_ITEM('') );
#2714 = CARTESIAN_POINT('',(24.25,2.593365776377E-02,-1.24955149616));
#2715 = CARTESIAN_POINT('',(24.150791942547,12.720199704583,
    -0.832884829492));
#2716 = CARTESIAN_POINT('',(16.496599094252,25.406386230117,
    -0.416218162873));
#2717 = CARTESIAN_POINT('',(-0.178083119563,31.898869241865,
    4.485038584845E-04));
#2718 = CARTESIAN_POINT('',(-16.33111228543,25.371279317479,
    0.417115170526));
#2719 = CARTESIAN_POINT('',(-32.19603914765,-3.443138394256E-02,
    1.250448503841));
#2720 = CARTESIAN_POINT('',(-16.27680941925,-25.40615118065,
    2.083781837154));
#2721 = CARTESIAN_POINT('',(-0.10985562674,-31.89917717193,
    2.500448503822));
#2722 = CARTESIAN_POINT('',(16.550901960433,-25.37104426801,
    2.917115170554));
#2723 = CARTESIAN_POINT('',(24.177943375638,-12.66851554448,
    3.333781837173));
#2724 = CARTESIAN_POINT('',(24.25,2.593365776411E-02,3.75044850384));
#2725 = PCURVE('',#1517,#2726);
#2726 = DEFINITIONAL_REPRESENTATION('',(#2727),#2731);
#2727 = LINE('',#2728,#2729);
#2728 = CARTESIAN_POINT('',(4.,0.));
#2729 = VECTOR('',#2730,1.);
#2730 = DIRECTION('',(0.,1.));
#2731 = ( GEOMETRIC_REPRESENTATION_CONTEXT(2) 
PARAMETRIC_REPRESENTATION_CONTEXT() REPRESENTATION_CONTEXT('2D SPACE',''
  ) );
#2732 = PCURVE('',#2483,#2733);
#2733 = DEFINITIONAL_REPRESENTATION('',(#2734),#2738);
#2734 = LINE('',#2735,#2736);
#2735 = CARTESIAN_POINT('',(4.,0.));
#2736 = VECTOR('',#2737,1.);
#2737 = DIRECTION('',(0.,1.));
#2738 = ( GEOMETRIC_REPRESENTATION_CONTEXT(2) 
PARAMETRIC_REPRESENTATION_CONTEXT() REPRESENTATION_CONTEXT('2D SPACE',''
  ) );
#2739 = ORIENTED_EDGE('',*,*,#2740,.F.);
#2740 = EDGE_CURVE('',#2626,#2708,#2741,.T.);
#2741 = SURFACE_CURVE('',#2742,(#2755,#2771),.PCURVE_S1.);
#2742 = B_SPLINE_CURVE_WITH_KNOTS('',6,(#2743,#2744,#2745,#2746,#2747,
    #2748,#2749,#2750,#2751,#2752,#2753,#2754),.UNSPECIFIED.,.F.,.F.,(7,
    5,7),(0.,0.49856479185,1.),.UNSPECIFIED.);
#2743 = CARTESIAN_POINT('',(-10.71497421671,-21.05596299828,2.));
#2744 = CARTESIAN_POINT('',(-9.627324906211,-21.66836538129,
    2.052510532876));
#2745 = CARTESIAN_POINT('',(-8.500772579485,-22.21178195382,
    2.104890091311));
#2746 = CARTESIAN_POINT('',(-7.340970946085,-22.68332294364,
    2.157140935975));
#2747 = CARTESIAN_POINT('',(-6.153748110412,-23.08078481458,
    2.209267068974));
#2748 = CARTESIAN_POINT('',(-4.945066667722,-23.40255571548,
    2.261267634627));
#2749 = CARTESIAN_POINT('',(-2.489966200361,-23.89418879571,
    2.365302307185));
#2750 = CARTESIAN_POINT('',(-1.243312729696,-24.06317713256,
    2.417337287705));
#2751 = CARTESIAN_POINT('',(1.270816065147E-02,-24.1536335354,
    2.469233712875));
#2752 = CARTESIAN_POINT('',(1.271927340226,-24.1652538385,2.520986225762
    ));
#2753 = CARTESIAN_POINT('',(2.528225774383,-24.09833260771,
    2.572589699792));
#2754 = CARTESIAN_POINT('',(3.775534153345,-23.95382029986,
    2.624039482255));
#2755 = PCURVE('',#1517,#2756);
#2756 = DEFINITIONAL_REPRESENTATION('',(#2757),#2770);
#2757 = B_SPLINE_CURVE_WITH_KNOTS('',6,(#2758,#2759,#2760,#2761,#2762,
    #2763,#2764,#2765,#2766,#2767,#2768,#2769),.UNSPECIFIED.,.F.,.F.,(7,
    5,7),(0.,0.49856479185,1.),.UNSPECIFIED.);
#2758 = CARTESIAN_POINT('',(4.499523244849,0.6748715256));
#2759 = CARTESIAN_POINT('',(4.457568876772,0.683277168217));
#2760 = CARTESIAN_POINT('',(4.415708451563,0.691661310298));
#2761 = CARTESIAN_POINT('',(4.373925407562,0.700023576327));
#2762 = CARTESIAN_POINT('',(4.332207077392,0.708364133826));
#2763 = CARTESIAN_POINT('',(4.29055889971,0.716683083358));
#2764 = CARTESIAN_POINT('',(4.207201908874,0.733324660723));
#2765 = CARTESIAN_POINT('',(4.165492214204,0.741647419224));
#2766 = CARTESIAN_POINT('',(4.123890156822,0.749947845301));
#2767 = CARTESIAN_POINT('',(4.082423186996,0.75822623926));
#2768 = CARTESIAN_POINT('',(4.041120609118,0.766483040129));
#2769 = CARTESIAN_POINT('',(4.,0.774718195682));
#2770 = ( GEOMETRIC_REPRESENTATION_CONTEXT(2) 
PARAMETRIC_REPRESENTATION_CONTEXT() REPRESENTATION_CONTEXT('2D SPACE',''
  ) );
#2771 = PCURVE('',#2438,#2772);
#2772 = DEFINITIONAL_REPRESENTATION('',(#2773),#2786);
#2773 = B_SPLINE_CURVE_WITH_KNOTS('',6,(#2774,#2775,#2776,#2777,#2778,
    #2779,#2780,#2781,#2782,#2783,#2784,#2785),.UNSPECIFIED.,.F.,.F.,(7,
    5,7),(0.,0.49856479185,1.),.UNSPECIFIED.);
#2774 = CARTESIAN_POINT('',(4.241662038961,-0.6255));
#2775 = CARTESIAN_POINT('',(4.294448256223,-0.572989467054));
#2776 = CARTESIAN_POINT('',(4.347096142694,-0.520609908779));
#2777 = CARTESIAN_POINT('',(4.399604449247,-0.468359063952));
#2778 = CARTESIAN_POINT('',(4.451976015918,-0.41623293117));
#2779 = CARTESIAN_POINT('',(4.504213417573,-0.364232365348));
#2780 = CARTESIAN_POINT('',(4.608717245911,-0.260197692791));
#2781 = CARTESIAN_POINT('',(4.660984529159,-0.208162712405));
#2782 = CARTESIAN_POINT('',(4.713116039276,-0.15626628702));
#2783 = CARTESIAN_POINT('',(4.765114665261,-0.104513774282));
#2784 = CARTESIAN_POINT('',(4.816983100217,-5.291030020756E-02));
#2785 = CARTESIAN_POINT('',(4.868720062635,-1.460517745028E-03));
#2786 = ( GEOMETRIC_REPRESENTATION_CONTEXT(2) 
PARAMETRIC_REPRESENTATION_CONTEXT() REPRESENTATION_CONTEXT('2D SPACE',''
  ) );
#2787 = ORIENTED_EDGE('',*,*,#2649,.F.);
#2788 = ORIENTED_EDGE('',*,*,#1597,.T.);
#2789 = ORIENTED_EDGE('',*,*,#1503,.T.);
#2790 = ORIENTED_EDGE('',*,*,#2791,.F.);
#2791 = EDGE_CURVE('',#2792,#1188,#2794,.T.);
#2792 = VERTEX_POINT('',#2793);
#2793 = CARTESIAN_POINT('',(24.249999999809,2.59336577751E-02,
    3.750448503523));
#2794 = SURFACE_CURVE('',#2795,(#2798,#2805),.PCURVE_S1.);
#2795 = B_SPLINE_CURVE_WITH_KNOTS('',1,(#2796,#2797),.UNSPECIFIED.,.F.,
  .F.,(2,2),(4.,5.),.PIECEWISE_BEZIER_KNOTS.);
#2796 = CARTESIAN_POINT('',(24.25,2.593365776411E-02,3.75044850384));
#2797 = CARTESIAN_POINT('',(23.,3.457821035238E-02,3.500598005121));
#2798 = PCURVE('',#1517,#2799);
#2799 = DEFINITIONAL_REPRESENTATION('',(#2800),#2804);
#2800 = LINE('',#2801,#2802);
#2801 = CARTESIAN_POINT('',(0.,1.));
#2802 = VECTOR('',#2803,1.);
#2803 = DIRECTION('',(1.,0.));
#2804 = ( GEOMETRIC_REPRESENTATION_CONTEXT(2) 
PARAMETRIC_REPRESENTATION_CONTEXT() REPRESENTATION_CONTEXT('2D SPACE',''
  ) );
#2805 = PCURVE('',#1383,#2806);
#2806 = DEFINITIONAL_REPRESENTATION('',(#2807),#2810);
#2807 = B_SPLINE_CURVE_WITH_KNOTS('',1,(#2808,#2809),.UNSPECIFIED.,.F.,
  .F.,(2,2),(4.,4.840018998315),.PIECEWISE_BEZIER_KNOTS.);
#2808 = CARTESIAN_POINT('',(4.,0.));
#2809 = CARTESIAN_POINT('',(4.840018998315,0.));
#2810 = ( GEOMETRIC_REPRESENTATION_CONTEXT(2) 
PARAMETRIC_REPRESENTATION_CONTEXT() REPRESENTATION_CONTEXT('2D SPACE',''
  ) );
#2811 = ORIENTED_EDGE('',*,*,#2812,.F.);
#2812 = EDGE_CURVE('',#2813,#2792,#2815,.T.);
#2813 = VERTEX_POINT('',#2814);
#2814 = CARTESIAN_POINT('',(18.921067835747,-15.16918563915,
    3.211807413558));
#2815 = SURFACE_CURVE('',#2816,(#2828,#2835),.PCURVE_S1.);
#2816 = ( BOUNDED_CURVE() B_SPLINE_CURVE(6,(#2817,#2818,#2819,#2820,
    #2821,#2822,#2823,#2824,#2825,#2826,#2827),.UNSPECIFIED.,.F.,.F.) 
B_SPLINE_CURVE_WITH_KNOTS((7,4,7),(0.,0.5,1.),.UNSPECIFIED.) CURVE() 
GEOMETRIC_REPRESENTATION_ITEM() RATIONAL_B_SPLINE_CURVE((1.,1.,1.,1.,1.,
1.,1.,1.,1.,1.,1.)) REPRESENTATION_ITEM('') );
#2817 = CARTESIAN_POINT('',(24.25,2.593365776377E-02,-1.24955149616));
#2818 = CARTESIAN_POINT('',(24.150791942547,12.720199704583,
    -0.832884829492));
#2819 = CARTESIAN_POINT('',(16.496599094252,25.406386230117,
    -0.416218162873));
#2820 = CARTESIAN_POINT('',(-0.178083119563,31.898869241865,
    4.485038584845E-04));
#2821 = CARTESIAN_POINT('',(-16.33111228543,25.371279317479,
    0.417115170526));
#2822 = CARTESIAN_POINT('',(-32.19603914765,-3.443138394256E-02,
    1.250448503841));
#2823 = CARTESIAN_POINT('',(-16.27680941925,-25.40615118065,
    2.083781837154));
#2824 = CARTESIAN_POINT('',(-0.10985562674,-31.89917717193,
    2.500448503822));
#2825 = CARTESIAN_POINT('',(16.550901960433,-25.37104426801,
    2.917115170554));
#2826 = CARTESIAN_POINT('',(24.177943375638,-12.66851554448,
    3.333781837173));
#2827 = CARTESIAN_POINT('',(24.25,2.593365776411E-02,3.75044850384));
#2828 = PCURVE('',#1517,#2829);
#2829 = DEFINITIONAL_REPRESENTATION('',(#2830),#2834);
#2830 = LINE('',#2831,#2832);
#2831 = CARTESIAN_POINT('',(4.,0.));
#2832 = VECTOR('',#2833,1.);
#2833 = DIRECTION('',(0.,1.));
#2834 = ( GEOMETRIC_REPRESENTATION_CONTEXT(2) 
PARAMETRIC_REPRESENTATION_CONTEXT() REPRESENTATION_CONTEXT('2D SPACE',''
  ) );
#2835 = PCURVE('',#2590,#2836);
#2836 = DEFINITIONAL_REPRESENTATION('',(#2837),#2841);
#2837 = LINE('',#2838,#2839);
#2838 = CARTESIAN_POINT('',(4.,0.));
#2839 = VECTOR('',#2840,1.);
#2840 = DIRECTION('',(0.,1.));
#2841 = ( GEOMETRIC_REPRESENTATION_CONTEXT(2) 
PARAMETRIC_REPRESENTATION_CONTEXT() REPRESENTATION_CONTEXT('2D SPACE',''
  ) );
#2842 = ORIENTED_EDGE('',*,*,#2843,.T.);
#2843 = EDGE_CURVE('',#2813,#2710,#2844,.T.);
#2844 = SURFACE_CURVE('',#2845,(#2858,#2874),.PCURVE_S1.);
#2845 = B_SPLINE_CURVE_WITH_KNOTS('',6,(#2846,#2847,#2848,#2849,#2850,
    #2851,#2852,#2853,#2854,#2855,#2856,#2857),.UNSPECIFIED.,.F.,.F.,(7,
    5,7),(0.,0.408299775596,1.),.UNSPECIFIED.);
#2846 = CARTESIAN_POINT('',(18.921067835743,-15.16918563915,
    3.211807413557));
#2847 = CARTESIAN_POINT('',(18.476406658485,-15.72382743067,
    3.188366909092));
#2848 = CARTESIAN_POINT('',(18.01223314489,-16.26283035886,
    3.164951730098));
#2849 = CARTESIAN_POINT('',(17.52923726453,-16.78533364289,
    3.141561466594));
#2850 = CARTESIAN_POINT('',(17.028155759195,-17.29052093666,
    3.118194051149));
#2851 = CARTESIAN_POINT('',(16.509772036205,-17.77762047743,
    3.094846551866));
#2852 = CARTESIAN_POINT('',(15.199813014765,-18.92453454625,
    3.037705725707));
#2853 = CARTESIAN_POINT('',(14.390105378636,-19.56366011107,
    3.003930523666));
#2854 = CARTESIAN_POINT('',(13.548327615273,-20.16105956847,
    2.970181573739));
#2855 = CARTESIAN_POINT('',(12.677179247214,-20.71475473625,
    2.936447570183));
#2856 = CARTESIAN_POINT('',(11.779511373747,-21.22299334602,
    2.902718973778));
#2857 = CARTESIAN_POINT('',(10.858338567598,-21.68426813501,
    2.868989770107));
#2858 = PCURVE('',#1517,#2859);
#2859 = DEFINITIONAL_REPRESENTATION('',(#2860),#2873);
#2860 = B_SPLINE_CURVE_WITH_KNOTS('',6,(#2861,#2862,#2863,#2864,#2865,
    #2866,#2867,#2868,#2869,#2870,#2871,#2872),.UNSPECIFIED.,.F.,.F.,(7,
    5,7),(0.,0.408299775596,1.),.UNSPECIFIED.);
#2861 = CARTESIAN_POINT('',(4.,0.892271781941));
#2862 = CARTESIAN_POINT('',(4.000408531532,0.88760409541));
#2863 = CARTESIAN_POINT('',(4.000719461763,0.882936596826));
#2864 = CARTESIAN_POINT('',(4.000936641148,0.8782693966));
#2865 = CARTESIAN_POINT('',(4.001069258464,0.873602540412));
#2866 = CARTESIAN_POINT('',(4.001129401941,0.868936045931));
#2867 = CARTESIAN_POINT('',(4.001129936972,0.857507907434));
#2868 = CARTESIAN_POINT('',(4.001004437076,0.850746595784));
#2869 = CARTESIAN_POINT('',(4.000791579811,0.8439861693));
#2870 = CARTESIAN_POINT('',(4.000532889985,0.837226441832));
#2871 = CARTESIAN_POINT('',(4.000261300034,0.830467151174));
#2872 = CARTESIAN_POINT('',(4.,0.823708253251));
#2873 = ( GEOMETRIC_REPRESENTATION_CONTEXT(2) 
PARAMETRIC_REPRESENTATION_CONTEXT() REPRESENTATION_CONTEXT('2D SPACE',''
  ) );
#2874 = PCURVE('',#2547,#2875);
#2875 = DEFINITIONAL_REPRESENTATION('',(#2876),#2889);
#2876 = B_SPLINE_CURVE_WITH_KNOTS('',6,(#2877,#2878,#2879,#2880,#2881,
    #2882,#2883,#2884,#2885,#2886,#2887,#2888),.UNSPECIFIED.,.F.,.F.,(7,
    5,7),(0.,0.408299775596,1.),.UNSPECIFIED.);
#2877 = CARTESIAN_POINT('',(-5.607403312488,-1.211807413557));
#2878 = CARTESIAN_POINT('',(-5.578089861665,-1.188366909092));
#2879 = CARTESIAN_POINT('',(-5.54877627083,-1.164951730098));
#2880 = CARTESIAN_POINT('',(-5.519462691255,-1.141561466594));
#2881 = CARTESIAN_POINT('',(-5.490149048981,-1.118194051149));
#2882 = CARTESIAN_POINT('',(-5.460835272146,-1.094846551866));
#2883 = CARTESIAN_POINT('',(-5.389040587004,-1.037705725707));
#2884 = CARTESIAN_POINT('',(-5.3465591082,-1.003930523666));
#2885 = CARTESIAN_POINT('',(-5.304078074513,-0.970181573739));
#2886 = CARTESIAN_POINT('',(-5.261597003074,-0.936447570183));
#2887 = CARTESIAN_POINT('',(-5.219115402328,-0.902718973778));
#2888 = CARTESIAN_POINT('',(-5.176634245002,-0.868989770107));
#2889 = ( GEOMETRIC_REPRESENTATION_CONTEXT(2) 
PARAMETRIC_REPRESENTATION_CONTEXT() REPRESENTATION_CONTEXT('2D SPACE',''
  ) );
#2890 = ADVANCED_FACE('',(#2891,#2894),#1584,.F.);
#2891 = FACE_BOUND('',#2892,.F.);
#2892 = EDGE_LOOP('',(#2893));
#2893 = ORIENTED_EDGE('',*,*,#1569,.T.);
#2894 = FACE_BOUND('',#2895,.F.);
#2895 = EDGE_LOOP('',(#2896));
#2896 = ORIENTED_EDGE('',*,*,#2897,.F.);
#2897 = EDGE_CURVE('',#2898,#2898,#2900,.T.);
#2898 = VERTEX_POINT('',#2899);
#2899 = CARTESIAN_POINT('',(19.5,-4.776122516675E-15,0.));
#2900 = SURFACE_CURVE('',#2901,(#2906,#2913),.PCURVE_S1.);
#2901 = CIRCLE('',#2902,19.5);
#2902 = AXIS2_PLACEMENT_3D('',#2903,#2904,#2905);
#2903 = CARTESIAN_POINT('',(0.,0.,0.));
#2904 = DIRECTION('',(0.,0.,1.));
#2905 = DIRECTION('',(1.,0.,0.));
#2906 = PCURVE('',#1584,#2907);
#2907 = DEFINITIONAL_REPRESENTATION('',(#2908),#2912);
#2908 = CIRCLE('',#2909,19.5);
#2909 = AXIS2_PLACEMENT_2D('',#2910,#2911);
#2910 = CARTESIAN_POINT('',(0.,0.));
#2911 = DIRECTION('',(1.,0.));
#2912 = ( GEOMETRIC_REPRESENTATION_CONTEXT(2) 
PARAMETRIC_REPRESENTATION_CONTEXT() REPRESENTATION_CONTEXT('2D SPACE',''
  ) );
#2913 = PCURVE('',#2914,#2919);
#2914 = CYLINDRICAL_SURFACE('',#2915,19.5);
#2915 = AXIS2_PLACEMENT_3D('',#2916,#2917,#2918);
#2916 = CARTESIAN_POINT('',(0.,0.,0.));
#2917 = DIRECTION('',(0.,0.,1.));
#2918 = DIRECTION('',(1.,0.,0.));
#2919 = DEFINITIONAL_REPRESENTATION('',(#2920),#2924);
#2920 = LINE('',#2921,#2922);
#2921 = CARTESIAN_POINT('',(0.,0.));
#2922 = VECTOR('',#2923,1.);
#2923 = DIRECTION('',(1.,0.));
#2924 = ( GEOMETRIC_REPRESENTATION_CONTEXT(2) 
PARAMETRIC_REPRESENTATION_CONTEXT() REPRESENTATION_CONTEXT('2D SPACE',''
  ) );
#2925 = ADVANCED_FACE('',(#2926),#1383,.T.);
#2926 = FACE_BOUND('',#2927,.T.);
#2927 = EDGE_LOOP('',(#2928,#2959,#2960,#2961));
#2928 = ORIENTED_EDGE('',*,*,#2929,.F.);
#2929 = EDGE_CURVE('',#2792,#2930,#2932,.T.);
#2930 = VERTEX_POINT('',#2931);
#2931 = CARTESIAN_POINT('',(-19.60341869053,-14.27477313862,
    6.750448525298));
#2932 = SURFACE_CURVE('',#2933,(#2945,#2952),.PCURVE_S1.);
#2933 = ( BOUNDED_CURVE() B_SPLINE_CURVE(6,(#2934,#2935,#2936,#2937,
    #2938,#2939,#2940,#2941,#2942,#2943,#2944),.UNSPECIFIED.,.F.,.F.) 
B_SPLINE_CURVE_WITH_KNOTS((7,4,7),(0.,0.5,1.),.UNSPECIFIED.) CURVE() 
GEOMETRIC_REPRESENTATION_ITEM() RATIONAL_B_SPLINE_CURVE((1.,1.,1.,1.,1.,
1.,1.,1.,1.,1.,1.)) REPRESENTATION_ITEM('') );
#2934 = CARTESIAN_POINT('',(24.249999999619,2.593365778609E-02,
    3.750448503205));
#2935 = CARTESIAN_POINT('',(24.239645705955,7.645726898847,
    4.000448503383));
#2936 = CARTESIAN_POINT('',(21.367974194285,15.255142720349,
    4.250448504383));
#2937 = CARTESIAN_POINT('',(15.599899198464,21.527587087518,
    4.500448507798));
#2938 = CARTESIAN_POINT('',(7.857533790183,25.04899409777,4.750448511501
    ));
#2939 = CARTESIAN_POINT('',(-8.408557311418,25.785018155434,
    5.250448519804));
#2940 = CARTESIAN_POINT('',(-21.11372511828,15.601395904939,
    5.750448526297));
#2941 = CARTESIAN_POINT('',(-25.29176266059,8.192716417831,
    6.000448528187));
#2942 = CARTESIAN_POINT('',(-26.2532756122,-0.274262992926,
    6.250448529163));
#2943 = CARTESIAN_POINT('',(-24.08703184343,-8.113720522058,
    6.500448527599));
#2944 = CARTESIAN_POINT('',(-19.60341869063,-14.27477313868,
    6.750448525493));
#2945 = PCURVE('',#1383,#2946);
#2946 = DEFINITIONAL_REPRESENTATION('',(#2947),#2951);
#2947 = LINE('',#2948,#2949);
#2948 = CARTESIAN_POINT('',(4.,0.));
#2949 = VECTOR('',#2950,1.);
#2950 = DIRECTION('',(0.,1.));
#2951 = ( GEOMETRIC_REPRESENTATION_CONTEXT(2) 
PARAMETRIC_REPRESENTATION_CONTEXT() REPRESENTATION_CONTEXT('2D SPACE',''
  ) );
#2952 = PCURVE('',#2294,#2953);
#2953 = DEFINITIONAL_REPRESENTATION('',(#2954),#2958);
#2954 = LINE('',#2955,#2956);
#2955 = CARTESIAN_POINT('',(4.,0.));
#2956 = VECTOR('',#2957,1.);
#2957 = DIRECTION('',(0.,1.));
#2958 = ( GEOMETRIC_REPRESENTATION_CONTEXT(2) 
PARAMETRIC_REPRESENTATION_CONTEXT() REPRESENTATION_CONTEXT('2D SPACE',''
  ) );
#2959 = ORIENTED_EDGE('',*,*,#2791,.T.);
#2960 = ORIENTED_EDGE('',*,*,#1187,.T.);
#2961 = ORIENTED_EDGE('',*,*,#2962,.F.);
#2962 = EDGE_CURVE('',#2930,#899,#2963,.T.);
#2963 = SURFACE_CURVE('',#2964,(#2967,#2974),.PCURVE_S1.);
#2964 = B_SPLINE_CURVE_WITH_KNOTS('',1,(#2965,#2966),.UNSPECIFIED.,.F.,
  .F.,(2,2),(4.,5.),.PIECEWISE_BEZIER_KNOTS.);
#2965 = CARTESIAN_POINT('',(-19.60341869063,-14.27477313868,
    6.750448525493));
#2966 = CARTESIAN_POINT('',(-18.58706630727,-13.54703516325,
    6.500598026257));
#2967 = PCURVE('',#1383,#2968);
#2968 = DEFINITIONAL_REPRESENTATION('',(#2969),#2973);
#2969 = LINE('',#2970,#2971);
#2970 = CARTESIAN_POINT('',(0.,1.));
#2971 = VECTOR('',#2972,1.);
#2972 = DIRECTION('',(1.,0.));
#2973 = ( GEOMETRIC_REPRESENTATION_CONTEXT(2) 
PARAMETRIC_REPRESENTATION_CONTEXT() REPRESENTATION_CONTEXT('2D SPACE',''
  ) );
#2974 = PCURVE('',#1080,#2975);
#2975 = DEFINITIONAL_REPRESENTATION('',(#2976),#2979);
#2976 = B_SPLINE_CURVE_WITH_KNOTS('',1,(#2977,#2978),.UNSPECIFIED.,.F.,
  .F.,(2,2),(4.,4.840018997983),.PIECEWISE_BEZIER_KNOTS.);
#2977 = CARTESIAN_POINT('',(4.,0.));
#2978 = CARTESIAN_POINT('',(4.840018997983,0.));
#2979 = ( GEOMETRIC_REPRESENTATION_CONTEXT(2) 
PARAMETRIC_REPRESENTATION_CONTEXT() REPRESENTATION_CONTEXT('2D SPACE',''
  ) );
#2980 = ADVANCED_FACE('',(#2981),#1080,.T.);
#2981 = FACE_BOUND('',#2982,.T.);
#2982 = EDGE_LOOP('',(#2983,#3009,#3010));
#2983 = ORIENTED_EDGE('',*,*,#2984,.F.);
#2984 = EDGE_CURVE('',#2930,#853,#2985,.T.);
#2985 = SURFACE_CURVE('',#2986,(#2995,#3002),.PCURVE_S1.);
#2986 = ( BOUNDED_CURVE() B_SPLINE_CURVE(7,(#2987,#2988,#2989,#2990,
    #2991,#2992,#2993,#2994),.UNSPECIFIED.,.F.,.F.) 
B_SPLINE_CURVE_WITH_KNOTS((8,8),(0.,1.),.PIECEWISE_BEZIER_KNOTS.) CURVE(
) GEOMETRIC_REPRESENTATION_ITEM() RATIONAL_B_SPLINE_CURVE((1.,1.,
    0.999999999999,1.000000000001,0.999999999999,1.,1.,1.)) 
REPRESENTATION_ITEM('') );
#2987 = CARTESIAN_POINT('',(-19.60341869043,-14.27477313856,
    6.750448525103));
#2988 = CARTESIAN_POINT('',(-16.29187146797,-18.54846575969,
    7.024621038105));
#2989 = CARTESIAN_POINT('',(-11.88686966118,-21.93621062962,
    7.299375280064));
#2990 = CARTESIAN_POINT('',(-6.670033292615,-24.10036566256,
    7.574710993612));
#2991 = CARTESIAN_POINT('',(-1.054218227765,-24.81249777145,
    7.850627797694));
#2992 = CARTESIAN_POINT('',(4.472397906783,-24.02786123421,
    8.127125181785));
#2993 = CARTESIAN_POINT('',(9.464246587555,-21.89644531188,
    8.404202500336));
#2994 = CARTESIAN_POINT('',(13.587761926316,-18.69793885442,
    8.681858966865));
#2995 = PCURVE('',#1080,#2996);
#2996 = DEFINITIONAL_REPRESENTATION('',(#2997),#3001);
#2997 = LINE('',#2998,#2999);
#2998 = CARTESIAN_POINT('',(4.,0.));
#2999 = VECTOR('',#3000,1.);
#3000 = DIRECTION('',(0.,1.));
#3001 = ( GEOMETRIC_REPRESENTATION_CONTEXT(2) 
PARAMETRIC_REPRESENTATION_CONTEXT() REPRESENTATION_CONTEXT('2D SPACE',''
  ) );
#3002 = PCURVE('',#872,#3003);
#3003 = DEFINITIONAL_REPRESENTATION('',(#3004),#3008);
#3004 = LINE('',#3005,#3006);
#3005 = CARTESIAN_POINT('',(4.,0.));
#3006 = VECTOR('',#3007,1.);
#3007 = DIRECTION('',(0.,1.));
#3008 = ( GEOMETRIC_REPRESENTATION_CONTEXT(2) 
PARAMETRIC_REPRESENTATION_CONTEXT() REPRESENTATION_CONTEXT('2D SPACE',''
  ) );
#3009 = ORIENTED_EDGE('',*,*,#2962,.T.);
#3010 = ORIENTED_EDGE('',*,*,#898,.T.);
#3011 = ADVANCED_FACE('',(#3012),#872,.T.);
#3012 = FACE_BOUND('',#3013,.T.);
#3013 = EDGE_LOOP('',(#3014,#3040,#3059,#3060));
#3014 = ORIENTED_EDGE('',*,*,#3015,.F.);
#3015 = EDGE_CURVE('',#2271,#564,#3016,.T.);
#3016 = SURFACE_CURVE('',#3017,(#3026,#3033),.PCURVE_S1.);
#3017 = ( BOUNDED_CURVE() B_SPLINE_CURVE(7,(#3018,#3019,#3020,#3021,
    #3022,#3023,#3024,#3025),.UNSPECIFIED.,.F.,.F.) 
B_SPLINE_CURVE_WITH_KNOTS((8,8),(0.,1.),.PIECEWISE_BEZIER_KNOTS.) CURVE(
) GEOMETRIC_REPRESENTATION_ITEM() RATIONAL_B_SPLINE_CURVE((1.,1.,
    0.999999999999,1.000000000001,0.999999999999,1.,1.,1.)) 
REPRESENTATION_ITEM('') );
#3018 = CARTESIAN_POINT('',(-19.63390553319,-14.23281159912,
    8.249551517437));
#3019 = CARTESIAN_POINT('',(-16.32778072276,-18.51871746414,
    8.330265393244));
#3020 = CARTESIAN_POINT('',(-11.92362642103,-21.91908779567,
    8.41115052464));
#3021 = CARTESIAN_POINT('',(-6.703228679613,-24.09441571332,
    8.492206835969));
#3022 = CARTESIAN_POINT('',(-1.080505438085,-24.81455628155,
    8.573434215131));
#3023 = CARTESIAN_POINT('',(4.454504241221,-24.03381704179,
    8.654832511955));
#3024 = CARTESIAN_POINT('',(9.454322066518,-21.90233986254,
    8.736401536435));
#3025 = CARTESIAN_POINT('',(13.583947240923,-18.70071038564,
    8.818141057077));
#3026 = PCURVE('',#872,#3027);
#3027 = DEFINITIONAL_REPRESENTATION('',(#3028),#3032);
#3028 = LINE('',#3029,#3030);
#3029 = CARTESIAN_POINT('',(3.,0.));
#3030 = VECTOR('',#3031,1.);
#3031 = DIRECTION('',(0.,1.));
#3032 = ( GEOMETRIC_REPRESENTATION_CONTEXT(2) 
PARAMETRIC_REPRESENTATION_CONTEXT() REPRESENTATION_CONTEXT('2D SPACE',''
  ) );
#3033 = PCURVE('',#745,#3034);
#3034 = DEFINITIONAL_REPRESENTATION('',(#3035),#3039);
#3035 = LINE('',#3036,#3037);
#3036 = CARTESIAN_POINT('',(3.,0.));
#3037 = VECTOR('',#3038,1.);
#3038 = DIRECTION('',(0.,1.));
#3039 = ( GEOMETRIC_REPRESENTATION_CONTEXT(2) 
PARAMETRIC_REPRESENTATION_CONTEXT() REPRESENTATION_CONTEXT('2D SPACE',''
  ) );
#3040 = ORIENTED_EDGE('',*,*,#3041,.T.);
#3041 = EDGE_CURVE('',#2271,#2930,#3042,.T.);
#3042 = SURFACE_CURVE('',#3043,(#3046,#3052),.PCURVE_S1.);
#3043 = B_SPLINE_CURVE_WITH_KNOTS('',1,(#3044,#3045),.UNSPECIFIED.,.F.,
  .F.,(2,2),(3.,4.),.PIECEWISE_BEZIER_KNOTS.);
#3044 = CARTESIAN_POINT('',(-19.63390553301,-14.23281159897,
    8.249551517828));
#3045 = CARTESIAN_POINT('',(-19.60341869063,-14.27477313868,
    6.750448525493));
#3046 = PCURVE('',#872,#3047);
#3047 = DEFINITIONAL_REPRESENTATION('',(#3048),#3051);
#3048 = B_SPLINE_CURVE_WITH_KNOTS('',1,(#3049,#3050),.UNSPECIFIED.,.F.,
  .F.,(2,2),(3.,4.),.PIECEWISE_BEZIER_KNOTS.);
#3049 = CARTESIAN_POINT('',(3.,0.));
#3050 = CARTESIAN_POINT('',(4.,0.));
#3051 = ( GEOMETRIC_REPRESENTATION_CONTEXT(2) 
PARAMETRIC_REPRESENTATION_CONTEXT() REPRESENTATION_CONTEXT('2D SPACE',''
  ) );
#3052 = PCURVE('',#2294,#3053);
#3053 = DEFINITIONAL_REPRESENTATION('',(#3054),#3058);
#3054 = LINE('',#3055,#3056);
#3055 = CARTESIAN_POINT('',(0.,1.));
#3056 = VECTOR('',#3057,1.);
#3057 = DIRECTION('',(1.,0.));
#3058 = ( GEOMETRIC_REPRESENTATION_CONTEXT(2) 
PARAMETRIC_REPRESENTATION_CONTEXT() REPRESENTATION_CONTEXT('2D SPACE',''
  ) );
#3059 = ORIENTED_EDGE('',*,*,#2984,.T.);
#3060 = ORIENTED_EDGE('',*,*,#852,.T.);
#3061 = ADVANCED_FACE('',(#3062),#745,.T.);
#3062 = FACE_BOUND('',#3063,.T.);
#3063 = EDGE_LOOP('',(#3064,#3065,#3066));
#3064 = ORIENTED_EDGE('',*,*,#563,.F.);
#3065 = ORIENTED_EDGE('',*,*,#2324,.T.);
#3066 = ORIENTED_EDGE('',*,*,#3015,.T.);
#3067 = ADVANCED_FACE('',(#3068),#2210,.T.);
#3068 = FACE_BOUND('',#3069,.T.);
#3069 = EDGE_LOOP('',(#3070));
#3070 = ORIENTED_EDGE('',*,*,#2193,.T.);
#3071 = ADVANCED_FACE('',(#3072),#2294,.T.);
#3072 = FACE_BOUND('',#3073,.T.);
#3073 = EDGE_LOOP('',(#3074,#3093,#3094,#3095));
#3074 = ORIENTED_EDGE('',*,*,#3075,.T.);
#3075 = EDGE_CURVE('',#2250,#2792,#3076,.T.);
#3076 = SURFACE_CURVE('',#3077,(#3080,#3086),.PCURVE_S1.);
#3077 = B_SPLINE_CURVE_WITH_KNOTS('',1,(#3078,#3079),.UNSPECIFIED.,.F.,
  .F.,(2,2),(3.,4.),.PIECEWISE_BEZIER_KNOTS.);
#3078 = CARTESIAN_POINT('',(24.25,-2.593365776447E-02,5.24955149616));
#3079 = CARTESIAN_POINT('',(24.25,2.593365776411E-02,3.75044850384));
#3080 = PCURVE('',#2294,#3081);
#3081 = DEFINITIONAL_REPRESENTATION('',(#3082),#3085);
#3082 = B_SPLINE_CURVE_WITH_KNOTS('',1,(#3083,#3084),.UNSPECIFIED.,.F.,
  .F.,(2,2),(3.,4.),.PIECEWISE_BEZIER_KNOTS.);
#3083 = CARTESIAN_POINT('',(3.,0.));
#3084 = CARTESIAN_POINT('',(4.,0.));
#3085 = ( GEOMETRIC_REPRESENTATION_CONTEXT(2) 
PARAMETRIC_REPRESENTATION_CONTEXT() REPRESENTATION_CONTEXT('2D SPACE',''
  ) );
#3086 = PCURVE('',#2590,#3087);
#3087 = DEFINITIONAL_REPRESENTATION('',(#3088),#3092);
#3088 = LINE('',#3089,#3090);
#3089 = CARTESIAN_POINT('',(0.,1.));
#3090 = VECTOR('',#3091,1.);
#3091 = DIRECTION('',(1.,0.));
#3092 = ( GEOMETRIC_REPRESENTATION_CONTEXT(2) 
PARAMETRIC_REPRESENTATION_CONTEXT() REPRESENTATION_CONTEXT('2D SPACE',''
  ) );
#3093 = ORIENTED_EDGE('',*,*,#2929,.T.);
#3094 = ORIENTED_EDGE('',*,*,#3041,.F.);
#3095 = ORIENTED_EDGE('',*,*,#2270,.F.);
#3096 = ADVANCED_FACE('',(#3097),#2590,.T.);
#3097 = FACE_BOUND('',#3098,.T.);
#3098 = EDGE_LOOP('',(#3099,#3100,#3163,#3164));
#3099 = ORIENTED_EDGE('',*,*,#2568,.F.);
#3100 = ORIENTED_EDGE('',*,*,#3101,.F.);
#3101 = EDGE_CURVE('',#2813,#2514,#3102,.T.);
#3102 = SURFACE_CURVE('',#3103,(#3121,#3142),.PCURVE_S1.);
#3103 = B_SPLINE_CURVE_WITH_KNOTS('',4,(#3104,#3105,#3106,#3107,#3108,
    #3109,#3110,#3111,#3112,#3113,#3114,#3115,#3116,#3117,#3118,#3119,
    #3120),.UNSPECIFIED.,.F.,.F.,(5,3,3,3,3,5),(0.,0.379866476943,
    0.43785008277,0.495837184915,0.530465534305,1.),.UNSPECIFIED.);
#3104 = CARTESIAN_POINT('',(18.921067835737,-15.16918563916,
    3.211807413557));
#3105 = CARTESIAN_POINT('',(18.913397577632,-15.17875302645,
    3.353972701147));
#3106 = CARTESIAN_POINT('',(18.906869712995,-15.18688224024,
    3.496213899131));
#3107 = CARTESIAN_POINT('',(18.901504252156,-15.19355728109,
    3.638517274788));
#3108 = CARTESIAN_POINT('',(18.896666468316,-15.19957231076,
    3.802596440137));
#3109 = CARTESIAN_POINT('',(18.896053031643,-15.20033493192,
    3.824326212443));
#3110 = CARTESIAN_POINT('',(18.895466837006,-15.20106360774,
    3.846057030063));
#3111 = CARTESIAN_POINT('',(18.894348923771,-15.20245310934,
    3.889521959367));
#3112 = CARTESIAN_POINT('',(18.893817208456,-15.20311393104,
    3.911256071176));
#3113 = CARTESIAN_POINT('',(18.893312764136,-15.20374080204,
    3.932991121456));
#3114 = CARTESIAN_POINT('',(18.89255064346,-15.20468780971,
    3.967707176615));
#3115 = CARTESIAN_POINT('',(18.892275418228,-15.20502978521,
    3.980687612263));
#3116 = CARTESIAN_POINT('',(18.892009921069,-15.20535965732,
    3.993668351983));
#3117 = CARTESIAN_POINT('',(18.888286115249,-15.20998616768,
    4.182662454188));
#3118 = CARTESIAN_POINT('',(18.886606666138,-15.21207006423,
    4.358729405342));
#3119 = CARTESIAN_POINT('',(18.886715655729,-15.21193549732,
    4.534821293362));
#3120 = CARTESIAN_POINT('',(18.88857985174,-15.20962038265,
    4.710910405761));
#3121 = PCURVE('',#2590,#3122);
#3122 = DEFINITIONAL_REPRESENTATION('',(#3123),#3141);
#3123 = B_SPLINE_CURVE_WITH_KNOTS('',4,(#3124,#3125,#3126,#3127,#3128,
    #3129,#3130,#3131,#3132,#3133,#3134,#3135,#3136,#3137,#3138,#3139,
    #3140),.UNSPECIFIED.,.F.,.F.,(5,3,3,3,3,5),(0.,0.379866476943,
    0.43785008277,0.495837184915,0.530465534305,1.),.UNSPECIFIED.);
#3124 = CARTESIAN_POINT('',(4.,0.892271781941));
#3125 = CARTESIAN_POINT('',(3.905005791724,0.892223619084));
#3126 = CARTESIAN_POINT('',(3.810001180871,0.892187519398));
#3127 = CARTESIAN_POINT('',(3.714995864288,0.892163643654));
#3128 = CARTESIAN_POINT('',(3.605499634448,0.892150251564));
#3129 = CARTESIAN_POINT('',(3.590999488734,0.892148763659));
#3130 = CARTESIAN_POINT('',(3.576499598624,0.892147561452));
#3131 = CARTESIAN_POINT('',(3.547499526947,0.892145728467));
#3132 = CARTESIAN_POINT('',(3.532999345412,0.892145097724));
#3133 = CARTESIAN_POINT('',(3.518499491159,0.8921447528));
#3134 = CARTESIAN_POINT('',(3.495341290853,0.892144658356));
#3135 = CARTESIAN_POINT('',(3.486682711233,0.892144724963));
#3136 = CARTESIAN_POINT('',(3.478024268689,0.892144893481));
#3137 = CARTESIAN_POINT('',(3.351965940524,0.892148830531));
#3138 = CARTESIAN_POINT('',(3.234592453843,0.892171231741));
#3139 = CARTESIAN_POINT('',(3.117264685913,0.892212327747));
#3140 = CARTESIAN_POINT('',(3.,0.892271781918));
#3141 = ( GEOMETRIC_REPRESENTATION_CONTEXT(2) 
PARAMETRIC_REPRESENTATION_CONTEXT() REPRESENTATION_CONTEXT('2D SPACE',''
  ) );
#3142 = PCURVE('',#2547,#3143);
#3143 = DEFINITIONAL_REPRESENTATION('',(#3144),#3162);
#3144 = B_SPLINE_CURVE_WITH_KNOTS('',4,(#3145,#3146,#3147,#3148,#3149,
    #3150,#3151,#3152,#3153,#3154,#3155,#3156,#3157,#3158,#3159,#3160,
    #3161),.UNSPECIFIED.,.F.,.F.,(5,3,3,3,3,5),(0.,0.379866476943,
    0.43785008277,0.495837184915,0.530465534305,1.),.UNSPECIFIED.);
#3145 = CARTESIAN_POINT('',(-5.607403312488,-1.211807413557));
#3146 = CARTESIAN_POINT('',(-5.606897665165,-1.353972701147));
#3147 = CARTESIAN_POINT('',(-5.606467753458,-1.496213899131));
#3148 = CARTESIAN_POINT('',(-5.60611460798,-1.638517274788));
#3149 = CARTESIAN_POINT('',(-5.60579630709,-1.802596440137));
#3150 = CARTESIAN_POINT('',(-5.605755949109,-1.824326212443));
#3151 = CARTESIAN_POINT('',(-5.605717385893,-1.846057030063));
#3152 = CARTESIAN_POINT('',(-5.605643847477,-1.889521959367));
#3153 = CARTESIAN_POINT('',(-5.605608872493,-1.911256071176));
#3154 = CARTESIAN_POINT('',(-5.605575693194,-1.932991121456));
#3155 = CARTESIAN_POINT('',(-5.605525567967,-1.967707176615));
#3156 = CARTESIAN_POINT('',(-5.605507466787,-1.980687612263));
#3157 = CARTESIAN_POINT('',(-5.605490005922,-1.993668351983));
#3158 = CARTESIAN_POINT('',(-5.605245110169,-2.182662454188));
#3159 = CARTESIAN_POINT('',(-5.605134747284,-2.358729405342));
#3160 = CARTESIAN_POINT('',(-5.605141887887,-2.534821293362));
#3161 = CARTESIAN_POINT('',(-5.605264454786,-2.710910405761));
#3162 = ( GEOMETRIC_REPRESENTATION_CONTEXT(2) 
PARAMETRIC_REPRESENTATION_CONTEXT() REPRESENTATION_CONTEXT('2D SPACE',''
  ) );
#3163 = ORIENTED_EDGE('',*,*,#2812,.T.);
#3164 = ORIENTED_EDGE('',*,*,#3075,.F.);
#3165 = ADVANCED_FACE('',(#3166),#2547,.T.);
#3166 = FACE_BOUND('',#3167,.F.);
#3167 = EDGE_LOOP('',(#3168,#3294,#3295,#3296));
#3168 = ORIENTED_EDGE('',*,*,#3169,.T.);
#3169 = EDGE_CURVE('',#2710,#2460,#3170,.T.);
#3170 = SURFACE_CURVE('',#3171,(#3210,#3252),.PCURVE_S1.);
#3171 = B_SPLINE_CURVE_WITH_KNOTS('',4,(#3172,#3173,#3174,#3175,#3176,
    #3177,#3178,#3179,#3180,#3181,#3182,#3183,#3184,#3185,#3186,#3187,
    #3188,#3189,#3190,#3191,#3192,#3193,#3194,#3195,#3196,#3197,#3198,
    #3199,#3200,#3201,#3202,#3203,#3204,#3205,#3206,#3207,#3208,#3209),
  .UNSPECIFIED.,.F.,.F.,(5,3,3,3,3,3,3,3,3,3,3,3,5),(0.,0.212424614734,
    0.348462099974,0.476389408942,0.533969175501,0.579920517905,
    0.635858146159,0.693793846299,0.749736087289,0.803688127132,
    0.861649139821,0.919627391792,1.),.UNSPECIFIED.);
#3172 = CARTESIAN_POINT('',(10.858338567568,-21.68426813503,
    2.868989770105));
#3173 = CARTESIAN_POINT('',(10.864163901616,-21.68135111478,
    2.948640930478));
#3174 = CARTESIAN_POINT('',(10.868821996795,-21.67901597586,
    3.028328085332));
#3175 = CARTESIAN_POINT('',(10.872309754304,-21.67726662462,
    3.108038172372));
#3176 = CARTESIAN_POINT('',(10.876107387094,-21.6753614008,
    3.238810733956));
#3177 = CARTESIAN_POINT('',(10.877109018633,-21.6748587258,
    3.289867510231));
#3178 = CARTESIAN_POINT('',(10.877629093116,-21.67459771978,
    3.340924765347));
#3179 = CARTESIAN_POINT('',(10.877702924915,-21.67456066634,
    3.439989506031));
#3180 = CARTESIAN_POINT('',(10.877312443221,-21.67475663451,
    3.487997342442));
#3181 = CARTESIAN_POINT('',(10.876495310181,-21.67516672842,
    3.535999582967));
#3182 = CARTESIAN_POINT('',(10.874691319272,-21.67607183285,
    3.605595153001));
#3183 = CARTESIAN_POINT('',(10.87404488861,-21.67639613809,
    3.627195279707));
#3184 = CARTESIAN_POINT('',(10.873311946206,-21.67676380738,
    3.64879341266));
#3185 = CARTESIAN_POINT('',(10.87183849564,-21.67750283727,
    3.687623799012));
#3186 = CARTESIAN_POINT('',(10.87112940857,-21.67785845696,
    3.704856873401));
#3187 = CARTESIAN_POINT('',(10.870365202507,-21.67824167694,
    3.722088372089));
#3188 = CARTESIAN_POINT('',(10.86854847775,-21.6791525718,3.760292376339
    ));
#3189 = CARTESIAN_POINT('',(10.867469394981,-21.67969354084,
    3.78126405717));
#3190 = CARTESIAN_POINT('',(10.866308608351,-21.68027537093,
    3.802232956774));
#3191 = CARTESIAN_POINT('',(10.863779228109,-21.68154293298,
    3.844913597053));
#3192 = CARTESIAN_POINT('',(10.862404692744,-21.68223163393,
    3.866625117688));
#3193 = CARTESIAN_POINT('',(10.860942493207,-21.68296410004,
    3.888333119958));
#3194 = CARTESIAN_POINT('',(10.857896084748,-21.68448976605,
    3.930994742499));
#3195 = CARTESIAN_POINT('',(10.856317805074,-21.68528000903,
    3.951948619124));
#3196 = CARTESIAN_POINT('',(10.854657781813,-21.6861109753,
    3.972898716951));
#3197 = CARTESIAN_POINT('',(10.851236213991,-21.68782324615,
    4.014045688384));
#3198 = CARTESIAN_POINT('',(10.849480382157,-21.68870170819,
    4.03424284317));
#3199 = CARTESIAN_POINT('',(10.847648520153,-21.68961795729,
    4.054436036434));
#3200 = CARTESIAN_POINT('',(10.843690975938,-21.69159681235,
    4.09631423136));
#3201 = CARTESIAN_POINT('',(10.841553575508,-21.69266523456,
    4.117998588664));
#3202 = CARTESIAN_POINT('',(10.839328435797,-21.69377714334,
    4.13967784951));
#3203 = CARTESIAN_POINT('',(10.834702009355,-21.69608812796,
    4.183032082754));
#3204 = CARTESIAN_POINT('',(10.832300670426,-21.69728722964,
    4.204707051965));
#3205 = CARTESIAN_POINT('',(10.829811559538,-21.69852969392,
    4.226376379319));
#3206 = CARTESIAN_POINT('',(10.823662495487,-21.70159780111,
    4.278070799089));
#3207 = CARTESIAN_POINT('',(10.819921655893,-21.70346333303,
    4.308090442057));
#3208 = CARTESIAN_POINT('',(10.816012210338,-21.70541180492,
    4.338098002501));
#3209 = CARTESIAN_POINT('',(10.811934212156,-21.70744295378,
    4.368092762676));
#3210 = PCURVE('',#2547,#3211);
#3211 = DEFINITIONAL_REPRESENTATION('',(#3212),#3251);
#3212 = B_SPLINE_CURVE_WITH_KNOTS('',4,(#3213,#3214,#3215,#3216,#3217,
    #3218,#3219,#3220,#3221,#3222,#3223,#3224,#3225,#3226,#3227,#3228,
    #3229,#3230,#3231,#3232,#3233,#3234,#3235,#3236,#3237,#3238,#3239,
    #3240,#3241,#3242,#3243,#3244,#3245,#3246,#3247,#3248,#3249,#3250),
  .UNSPECIFIED.,.F.,.F.,(5,3,3,3,3,3,3,3,3,3,3,3,5),(0.,0.212424614734,
    0.348462099974,0.476389408942,0.533969175501,0.579920517905,
    0.635858146159,0.693793846299,0.749736087289,0.803688127132,
    0.861649139821,0.919627391792,1.),.UNSPECIFIED.);
#3213 = CARTESIAN_POINT('',(-5.176634245001,-0.868989770105));
#3214 = CARTESIAN_POINT('',(-5.176902888333,-0.948640930478));
#3215 = CARTESIAN_POINT('',(-5.17711775103,-1.028328085332));
#3216 = CARTESIAN_POINT('',(-5.177278646743,-1.108038172372));
#3217 = CARTESIAN_POINT('',(-5.177453845782,-1.238810733956));
#3218 = CARTESIAN_POINT('',(-5.17750005793,-1.289867510231));
#3219 = CARTESIAN_POINT('',(-5.177524052604,-1.340924765347));
#3220 = CARTESIAN_POINT('',(-5.177527458982,-1.439989506031));
#3221 = CARTESIAN_POINT('',(-5.177509443331,-1.487997342442));
#3222 = CARTESIAN_POINT('',(-5.17747174317,-1.535999582967));
#3223 = CARTESIAN_POINT('',(-5.177388517099,-1.605595153001));
#3224 = CARTESIAN_POINT('',(-5.177358694843,-1.627195279707));
#3225 = CARTESIAN_POINT('',(-5.177324882175,-1.64879341266));
#3226 = CARTESIAN_POINT('',(-5.17725690973,-1.687623799012));
#3227 = CARTESIAN_POINT('',(-5.177224199108,-1.704856873401));
#3228 = CARTESIAN_POINT('',(-5.177188946605,-1.722088372089));
#3229 = CARTESIAN_POINT('',(-5.177105144129,-1.760292376339));
#3230 = CARTESIAN_POINT('',(-5.177055369259,-1.78126405717));
#3231 = CARTESIAN_POINT('',(-5.177001827464,-1.802232956774));
#3232 = CARTESIAN_POINT('',(-5.176885163466,-1.844913597053));
#3233 = CARTESIAN_POINT('',(-5.176821767368,-1.866625117688));
#3234 = CARTESIAN_POINT('',(-5.176754330963,-1.888333119958));
#3235 = CARTESIAN_POINT('',(-5.176613838205,-1.930994742499));
#3236 = CARTESIAN_POINT('',(-5.176541055065,-1.951948619124));
#3237 = CARTESIAN_POINT('',(-5.176464506076,-1.972898716951));
#3238 = CARTESIAN_POINT('',(-5.176306735496,-2.014045688384));
#3239 = CARTESIAN_POINT('',(-5.176225777022,-2.03424284317));
#3240 = CARTESIAN_POINT('',(-5.176141317567,-2.054436036434));
#3241 = CARTESIAN_POINT('',(-5.175958862986,-2.09631423136));
#3242 = CARTESIAN_POINT('',(-5.17586032841,-2.117998588664));
#3243 = CARTESIAN_POINT('',(-5.175757755889,-2.13967784951));
#3244 = CARTESIAN_POINT('',(-5.175544506714,-2.183032082754));
#3245 = CARTESIAN_POINT('',(-5.17543382766,-2.204707051965));
#3246 = CARTESIAN_POINT('',(-5.175319111732,-2.226376379319));
#3247 = CARTESIAN_POINT('',(-5.175035742315,-2.278070799089));
#3248 = CARTESIAN_POINT('',(-5.174863369955,-2.308090442057));
#3249 = CARTESIAN_POINT('',(-5.174683249508,-2.338098002501));
#3250 = CARTESIAN_POINT('',(-5.17449538776,-2.368092762676));
#3251 = ( GEOMETRIC_REPRESENTATION_CONTEXT(2) 
PARAMETRIC_REPRESENTATION_CONTEXT() REPRESENTATION_CONTEXT('2D SPACE',''
  ) );
#3252 = PCURVE('',#2483,#3253);
#3253 = DEFINITIONAL_REPRESENTATION('',(#3254),#3293);
#3254 = B_SPLINE_CURVE_WITH_KNOTS('',4,(#3255,#3256,#3257,#3258,#3259,
    #3260,#3261,#3262,#3263,#3264,#3265,#3266,#3267,#3268,#3269,#3270,
    #3271,#3272,#3273,#3274,#3275,#3276,#3277,#3278,#3279,#3280,#3281,
    #3282,#3283,#3284,#3285,#3286,#3287,#3288,#3289,#3290,#3291,#3292),
  .UNSPECIFIED.,.F.,.F.,(5,3,3,3,3,3,3,3,3,3,3,3,5),(0.,0.212424614734,
    0.348462099974,0.476389408942,0.533969175501,0.579920517905,
    0.635858146159,0.693793846299,0.749736087289,0.803688127132,
    0.861649139821,0.919627391792,1.),.UNSPECIFIED.);
#3255 = CARTESIAN_POINT('',(4.,0.823708253251));
#3256 = CARTESIAN_POINT('',(3.947070088203,0.823769007494));
#3257 = CARTESIAN_POINT('',(3.894087686002,0.823821222929));
#3258 = CARTESIAN_POINT('',(3.841061398085,0.823864866959));
#3259 = CARTESIAN_POINT('',(3.754019289975,0.823922362331));
#3260 = CARTESIAN_POINT('',(3.720024180235,0.823941283439));
#3261 = CARTESIAN_POINT('',(3.686016974797,0.823956673776));
#3262 = CARTESIAN_POINT('',(3.62001102199,0.82397967764));
#3263 = CARTESIAN_POINT('',(3.588013404514,0.823987700101));
#3264 = CARTESIAN_POINT('',(3.556009081606,0.823992592958));
#3265 = CARTESIAN_POINT('',(3.509592790762,0.823995146866));
#3266 = CARTESIAN_POINT('',(3.495184617712,0.82399530514));
#3267 = CARTESIAN_POINT('',(3.480775657948,0.823994828791));
#3268 = CARTESIAN_POINT('',(3.454866580599,0.823992830985));
#3269 = CARTESIAN_POINT('',(3.443366684122,0.823991540019));
#3270 = CARTESIAN_POINT('',(3.431866490192,0.82398984473));
#3271 = CARTESIAN_POINT('',(3.406366386155,0.823985189127));
#3272 = CARTESIAN_POINT('',(3.392366376301,0.82398203396));
#3273 = CARTESIAN_POINT('',(3.378366222898,0.823978279509));
#3274 = CARTESIAN_POINT('',(3.349865875958,0.823969416489));
#3275 = CARTESIAN_POINT('',(3.335365683855,0.823964264342));
#3276 = CARTESIAN_POINT('',(3.320865694456,0.823958469296));
#3277 = CARTESIAN_POINT('',(3.29236538848,0.82394581501));
#3278 = CARTESIAN_POINT('',(3.278365045911,0.823938999248));
#3279 = CARTESIAN_POINT('',(3.264365225055,0.823931584146));
#3280 = CARTESIAN_POINT('',(3.236864986882,0.823915840565));
#3281 = CARTESIAN_POINT('',(3.22336452168,0.823907553966));
#3282 = CARTESIAN_POINT('',(3.209864840339,0.82389871008));
#3283 = CARTESIAN_POINT('',(3.181864297095,0.823879209433));
#3284 = CARTESIAN_POINT('',(3.167363578591,0.823868466793));
#3285 = CARTESIAN_POINT('',(3.152864115544,0.823857081274));
#3286 = CARTESIAN_POINT('',(3.123863751194,0.823833021328));
#3287 = CARTESIAN_POINT('',(3.109362850742,0.823820346518));
#3288 = CARTESIAN_POINT('',(3.09486356972,0.823807028876));
#3289 = CARTESIAN_POINT('',(3.060268893417,0.823773716277));
#3290 = CARTESIAN_POINT('',(3.040175157924,0.82375312907));
#3291 = CARTESIAN_POINT('',(3.020085366171,0.823731307772));
#3292 = CARTESIAN_POINT('',(3.,0.823708253302));
#3293 = ( GEOMETRIC_REPRESENTATION_CONTEXT(2) 
PARAMETRIC_REPRESENTATION_CONTEXT() REPRESENTATION_CONTEXT('2D SPACE',''
  ) );
#3294 = ORIENTED_EDGE('',*,*,#2513,.T.);
#3295 = ORIENTED_EDGE('',*,*,#3101,.F.);
#3296 = ORIENTED_EDGE('',*,*,#2843,.T.);
#3297 = ADVANCED_FACE('',(#3298),#2483,.T.);
#3298 = FACE_BOUND('',#3299,.T.);
#3299 = EDGE_LOOP('',(#3300,#3301,#3487,#3488));
#3300 = ORIENTED_EDGE('',*,*,#2459,.F.);
#3301 = ORIENTED_EDGE('',*,*,#3302,.F.);
#3302 = EDGE_CURVE('',#2708,#2405,#3303,.T.);
#3303 = SURFACE_CURVE('',#3304,(#3363,#3425),.PCURVE_S1.);
#3304 = B_SPLINE_CURVE_WITH_KNOTS('',8,(#3305,#3306,#3307,#3308,#3309,
    #3310,#3311,#3312,#3313,#3314,#3315,#3316,#3317,#3318,#3319,#3320,
    #3321,#3322,#3323,#3324,#3325,#3326,#3327,#3328,#3329,#3330,#3331,
    #3332,#3333,#3334,#3335,#3336,#3337,#3338,#3339,#3340,#3341,#3342,
    #3343,#3344,#3345,#3346,#3347,#3348,#3349,#3350,#3351,#3352,#3353,
    #3354,#3355,#3356,#3357,#3358,#3359,#3360,#3361,#3362),
  .UNSPECIFIED.,.F.,.F.,(9,7,7,7,7,7,7,7,9),(0.,0.145935877093,
    0.207866498743,0.230860842964,0.673708855854,0.693655217801,
    0.770633536427,0.917298264344,1.),.UNSPECIFIED.);
#3305 = CARTESIAN_POINT('',(3.775534153345,-23.95382029986,
    2.624039482255));
#3306 = CARTESIAN_POINT('',(2.952083070761,-24.08357545792,2.62400500957
    ));
#3307 = CARTESIAN_POINT('',(2.123531051461,-24.18101125194,
    2.624001448794));
#3308 = CARTESIAN_POINT('',(1.291369257719,-24.24588715994,2.62402450343
    ));
#3309 = CARTESIAN_POINT('',(0.45709154698,-24.27804654067,2.624068066191
    ));
#3310 = CARTESIAN_POINT('',(-0.377805685233,-24.27741385409,
    2.624125174777));
#3311 = CARTESIAN_POINT('',(-1.211823621326,-24.24399429991,
    2.624188841858));
#3312 = CARTESIAN_POINT('',(-2.043461096553,-24.1778758744,
    2.624252759268));
#3313 = CARTESIAN_POINT('',(-3.22248734316,-24.03737325344,
    2.624336963873));
#3314 = CARTESIAN_POINT('',(-3.5730621848,-23.98965533801,2.62436119069)
  );
#3315 = CARTESIAN_POINT('',(-3.922824990301,-23.93609331436,
    2.624384159882));
#3316 = CARTESIAN_POINT('',(-4.271662054071,-23.87670308767,
    2.624405523927));
#3317 = CARTESIAN_POINT('',(-4.619460132414,-23.81150325286,
    2.624424984762));
#3318 = CARTESIAN_POINT('',(-4.966106443523,-23.74051509467,
    2.624442293784));
#3319 = CARTESIAN_POINT('',(-5.311488667485,-23.6637625876,
    2.624457251845));
#3320 = CARTESIAN_POINT('',(-5.783221724694,-23.55064444791,
    2.624474334594));
#3321 = CARTESIAN_POINT('',(-5.910758836136,-23.51922551253,
    2.624478615707));
#3322 = CARTESIAN_POINT('',(-6.038100562959,-23.48701695343,
    2.624482545281));
#3323 = CARTESIAN_POINT('',(-6.165241200605,-23.45402018456,
    2.624486117066));
#3324 = CARTESIAN_POINT('',(-6.292175057607,-23.42023667021,
    2.624489325877));
#3325 = CARTESIAN_POINT('',(-6.418896455584,-23.38566792499,
    2.624492167595));
#3326 = CARTESIAN_POINT('',(-6.545399729244,-23.35031551381,
    2.624494639166));
#3327 = CARTESIAN_POINT('',(-9.103695718706,-22.61826754878,
    2.624537171642));
#3328 = CARTESIAN_POINT('',(-11.45457657427,-21.63175022404,
    2.624439453509));
#3329 = CARTESIAN_POINT('',(-13.6806719378,-20.36626766747,
    2.624190221935));
#3330 = CARTESIAN_POINT('',(-15.74427483964,-18.8413741408,
    2.623917935007));
#3331 = CARTESIAN_POINT('',(-17.6114180424,-17.08132491099,
    2.623907000527));
#3332 = CARTESIAN_POINT('',(-19.25239270484,-15.11548316814,
    2.62428529099));
#3333 = CARTESIAN_POINT('',(-20.64119524661,-12.97748841685,
    2.624770950296));
#3334 = CARTESIAN_POINT('',(-21.80875212483,-10.60584577017,
    2.625121705231));
#3335 = CARTESIAN_POINT('',(-21.85852452897,-10.50335802965,
    2.625136518606));
#3336 = CARTESIAN_POINT('',(-21.90774611122,-10.40060339055,
    2.62515100406));
#3337 = CARTESIAN_POINT('',(-21.95641518232,-10.297585297,2.625165137987
    ));
#3338 = CARTESIAN_POINT('',(-22.00453007909,-10.19430720595,
    2.625178896991));
#3339 = CARTESIAN_POINT('',(-22.05208916443,-10.09077258714,
    2.625192257888));
#3340 = CARTESIAN_POINT('',(-22.0990908273,-9.986984923117,
    2.625205197708));
#3341 = CARTESIAN_POINT('',(-22.32476804884,-9.481440415746,
    2.625265918999));
#3342 = CARTESIAN_POINT('',(-22.49567694935,-9.07621595763,
    2.625307531672));
#3343 = CARTESIAN_POINT('',(-22.65816889541,-8.66747575017,
    2.625341243419));
#3344 = CARTESIAN_POINT('',(-22.81215864749,-8.25542348085,
    2.625365830247));
#3345 = CARTESIAN_POINT('',(-22.95756711097,-7.840265139811,
    2.625380228693));
#3346 = CARTESIAN_POINT('',(-23.09432143161,-7.422209050324,
    2.625383632072));
#3347 = CARTESIAN_POINT('',(-23.22235509118,-7.001465899251,
    2.625375586712));
#3348 = CARTESIAN_POINT('',(-23.56881738045,-5.771904506139,
    2.625318938198));
#3349 = CARTESIAN_POINT('',(-23.76415646098,-4.956564158308,
    2.625240201903));
#3350 = CARTESIAN_POINT('',(-23.9272035603,-4.133716416008,
    2.625120010804));
#3351 = CARTESIAN_POINT('',(-24.05763312602,-3.304859103253,
    2.624964450256));
#3352 = CARTESIAN_POINT('',(-24.15521275323,-2.471498582419,
    2.624788853809));
#3353 = CARTESIAN_POINT('',(-24.21980425414,-1.635149732456,
    2.624621332625));
#3354 = CARTESIAN_POINT('',(-24.25136878158,-0.797336498981,
    2.624506540005));
#3355 = CARTESIAN_POINT('',(-24.24919064453,0.512796228527,
    2.624511436529));
#3356 = CARTESIAN_POINT('',(-24.2379253389,0.985168348797,2.624550017074
    ));
#3357 = CARTESIAN_POINT('',(-24.21616902286,1.457250995383,
    2.624613817838));
#3358 = CARTESIAN_POINT('',(-24.18392111037,1.92877193308,2.624693310179
    ));
#3359 = CARTESIAN_POINT('',(-24.1411913258,2.399459040679,2.624780812654
    ));
#3360 = CARTESIAN_POINT('',(-24.08799953366,2.869040310982,
    2.624870272061));
#3361 = CARTESIAN_POINT('',(-24.02437556828,3.33724385083,2.624957044478
    ));
#3362 = CARTESIAN_POINT('',(-23.95035906347,3.803797881116,
    2.625037676297));
#3363 = PCURVE('',#2483,#3364);
#3364 = DEFINITIONAL_REPRESENTATION('',(#3365),#3424);
#3365 = B_SPLINE_CURVE_WITH_KNOTS('',8,(#3366,#3367,#3368,#3369,#3370,
    #3371,#3372,#3373,#3374,#3375,#3376,#3377,#3378,#3379,#3380,#3381,
    #3382,#3383,#3384,#3385,#3386,#3387,#3388,#3389,#3390,#3391,#3392,
    #3393,#3394,#3395,#3396,#3397,#3398,#3399,#3400,#3401,#3402,#3403,
    #3404,#3405,#3406,#3407,#3408,#3409,#3410,#3411,#3412,#3413,#3414,
    #3415,#3416,#3417,#3418,#3419,#3420,#3421,#3422,#3423),
  .UNSPECIFIED.,.F.,.F.,(9,7,7,7,7,7,7,7,9),(0.,0.145935877093,
    0.207866498743,0.230860842964,0.673708855854,0.693655217801,
    0.770633536427,0.917298264344,1.),.UNSPECIFIED.);
#3366 = CARTESIAN_POINT('',(4.,0.774718195682));
#3367 = CARTESIAN_POINT('',(3.981799341401,0.769254368792));
#3368 = CARTESIAN_POINT('',(3.963576902422,0.763790194077));
#3369 = CARTESIAN_POINT('',(3.945335718629,0.758325722363));
#3370 = CARTESIAN_POINT('',(3.927079853893,0.752860950624));
#3371 = CARTESIAN_POINT('',(3.908813875261,0.747395855697));
#3372 = CARTESIAN_POINT('',(3.890542413975,0.741930428655));
#3373 = CARTESIAN_POINT('',(3.872269812635,0.736464709868));
#3374 = CARTESIAN_POINT('',(3.846246661427,0.72867927402));
#3375 = CARTESIAN_POINT('',(3.838493905407,0.726359683434));
#3376 = CARTESIAN_POINT('',(3.830741867814,0.724040056722));
#3377 = CARTESIAN_POINT('',(3.822990793714,0.721720397856));
#3378 = CARTESIAN_POINT('',(3.815240895874,0.719400711015));
#3379 = CARTESIAN_POINT('',(3.807492354763,0.717081000586));
#3380 = CARTESIAN_POINT('',(3.799745318549,0.714761271164));
#3381 = CARTESIAN_POINT('',(3.789124092334,0.711580225314));
#3382 = CARTESIAN_POINT('',(3.786248504501,0.710718921072));
#3383 = CARTESIAN_POINT('',(3.783373145279,0.709857615063));
#3384 = CARTESIAN_POINT('',(3.780498019629,0.708996307527));
#3385 = CARTESIAN_POINT('',(3.777623131806,0.708134998702));
#3386 = CARTESIAN_POINT('',(3.774748485357,0.707273688827));
#3387 = CARTESIAN_POINT('',(3.77187408312,0.706412378142));
#3388 = CARTESIAN_POINT('',(3.713646566693,0.688963075815));
#3389 = CARTESIAN_POINT('',(3.658342309009,0.672362176553));
#3390 = CARTESIAN_POINT('',(3.603170811966,0.655770778977));
#3391 = CARTESIAN_POINT('',(3.54804076374,0.639187197539));
#3392 = CARTESIAN_POINT('',(3.492745946554,0.622606485462));
#3393 = CARTESIAN_POINT('',(3.437182135273,0.606022968403));
#3394 = CARTESIAN_POINT('',(3.38152175934,0.589431973041));
#3395 = CARTESIAN_POINT('',(3.32349901029,0.572105708683));
#3396 = CARTESIAN_POINT('',(3.320998429952,0.571358945865));
#3397 = CARTESIAN_POINT('',(3.318498055758,0.570612179269));
#3398 = CARTESIAN_POINT('',(3.315997903061,0.569865408776));
#3399 = CARTESIAN_POINT('',(3.313497987085,0.569118634273));
#3400 = CARTESIAN_POINT('',(3.310998322931,0.56837185565));
#3401 = CARTESIAN_POINT('',(3.308498925574,0.567625072802));
#3402 = CARTESIAN_POINT('',(3.296355057299,0.563996235206));
#3403 = CARTESIAN_POINT('',(3.286714491902,0.561114117654));
#3404 = CARTESIAN_POINT('',(3.277078966588,0.558231931038));
#3405 = CARTESIAN_POINT('',(3.267449283644,0.5553496711));
#3406 = CARTESIAN_POINT('',(3.257826136758,0.55246733313));
#3407 = CARTESIAN_POINT('',(3.248210053044,0.549584913832));
#3408 = CARTESIAN_POINT('',(3.238601335076,0.546702413188));
#3409 = CARTESIAN_POINT('',(3.210706841993,0.538327739875));
#3410 = CARTESIAN_POINT('',(3.192440150881,0.532835262355));
#3411 = CARTESIAN_POINT('',(3.174200307192,0.527342543284));
#3412 = CARTESIAN_POINT('',(3.155983419305,0.521849632946));
#3413 = CARTESIAN_POINT('',(3.137779286925,0.516356539792));
#3414 = CARTESIAN_POINT('',(3.119569218166,0.510863281842));
#3415 = CARTESIAN_POINT('',(3.101323703166,0.505369942091));
#3416 = CARTESIAN_POINT('',(3.072667489445,0.496779198248));
#3417 = CARTESIAN_POINT('',(3.062310499182,0.493681675338));
#3418 = CARTESIAN_POINT('',(3.051936754462,0.490584173141));
#3419 = CARTESIAN_POINT('',(3.041552639428,0.487486700025));
#3420 = CARTESIAN_POINT('',(3.031163297265,0.484389261735));
#3421 = CARTESIAN_POINT('',(3.02077278613,0.481291864349));
#3422 = CARTESIAN_POINT('',(3.010384235079,0.478194517239));
#3423 = CARTESIAN_POINT('',(3.,0.475097236027));
#3424 = ( GEOMETRIC_REPRESENTATION_CONTEXT(2) 
PARAMETRIC_REPRESENTATION_CONTEXT() REPRESENTATION_CONTEXT('2D SPACE',''
  ) );
#3425 = PCURVE('',#2438,#3426);
#3426 = DEFINITIONAL_REPRESENTATION('',(#3427),#3486);
#3427 = B_SPLINE_CURVE_WITH_KNOTS('',8,(#3428,#3429,#3430,#3431,#3432,
    #3433,#3434,#3435,#3436,#3437,#3438,#3439,#3440,#3441,#3442,#3443,
    #3444,#3445,#3446,#3447,#3448,#3449,#3450,#3451,#3452,#3453,#3454,
    #3455,#3456,#3457,#3458,#3459,#3460,#3461,#3462,#3463,#3464,#3465,
    #3466,#3467,#3468,#3469,#3470,#3471,#3472,#3473,#3474,#3475,#3476,
    #3477,#3478,#3479,#3480,#3481,#3482,#3483,#3484,#3485),
  .UNSPECIFIED.,.F.,.F.,(9,7,7,7,7,7,7,7,9),(0.,0.145935877093,
    0.207866498743,0.230860842964,0.673708855854,0.693655217801,
    0.770633536427,0.917298264344,1.),.UNSPECIFIED.);
#3428 = CARTESIAN_POINT('',(4.868720062635,-1.460517745017E-03));
#3429 = CARTESIAN_POINT('',(4.834343679033,-1.494990430122E-03));
#3430 = CARTESIAN_POINT('',(4.799966906195,-1.49855123774E-03));
#3431 = CARTESIAN_POINT('',(4.765590296574,-1.475496550645E-03));
#3432 = CARTESIAN_POINT('',(4.731213947475,-1.431933764721E-03));
#3433 = CARTESIAN_POINT('',(4.696837704633,-1.374825231723E-03));
#3434 = CARTESIAN_POINT('',(4.662461383019,-1.311158193657E-03));
#3435 = CARTESIAN_POINT('',(4.628085004868,-1.247240708761E-03));
#3436 = CARTESIAN_POINT('',(4.579120977016,-1.163036104104E-03));
#3437 = CARTESIAN_POINT('',(4.564532914158,-1.138809309482E-03));
#3438 = CARTESIAN_POINT('',(4.549944865952,-1.115840142792E-03));
#3439 = CARTESIAN_POINT('',(4.535356831715,-1.094476111647E-03));
#3440 = CARTESIAN_POINT('',(4.52076881051,-1.075015273713E-03));
#3441 = CARTESIAN_POINT('',(4.506180801138,-1.057706236714E-03));
#3442 = CARTESIAN_POINT('',(4.491592802147,-1.042748158431E-03));
#3443 = CARTESIAN_POINT('',(4.471588407757,-1.025665409414E-03));
#3444 = CARTESIAN_POINT('',(4.466172004654,-1.021384294658E-03));
#3445 = CARTESIAN_POINT('',(4.460755602411,-1.017454718997E-03));
#3446 = CARTESIAN_POINT('',(4.455339200924,-1.01388293315E-03));
#3447 = CARTESIAN_POINT('',(4.449922800084,-1.010674121988E-03));
#3448 = CARTESIAN_POINT('',(4.444506399787,-1.007832404532E-03));
#3449 = CARTESIAN_POINT('',(4.439089999922,-1.005360833959E-03));
#3450 = CARTESIAN_POINT('',(4.329359176344,-9.628283583497E-04));
#3451 = CARTESIAN_POINT('',(4.224965029242,-1.060546557672E-03));
#3452 = CARTESIAN_POINT('',(4.120620485078,-1.309777995293E-03));
#3453 = CARTESIAN_POINT('',(4.016303466951,-1.582064970087E-03));
#3454 = CARTESIAN_POINT('',(3.911979811128,-1.592999549625E-03));
#3455 = CARTESIAN_POINT('',(3.807628395465,-1.214708962759E-03));
#3456 = CARTESIAN_POINT('',(3.703235445695,-7.290497043737E-04));
#3457 = CARTESIAN_POINT('',(3.594229535867,-3.782947693058E-04));
#3458 = CARTESIAN_POINT('',(3.589531402119,-3.634813936169E-04));
#3459 = CARTESIAN_POINT('',(3.584833271438,-3.489959396751E-04));
#3460 = CARTESIAN_POINT('',(3.580135143726,-3.34862013372E-04));
#3461 = CARTESIAN_POINT('',(3.575437018878,-3.211030094528E-04));
#3462 = CARTESIAN_POINT('',(3.570738896782,-3.077421115152E-04));
#3463 = CARTESIAN_POINT('',(3.566040777318,-2.948022920101E-04));
#3464 = CARTESIAN_POINT('',(3.543211376814,-2.340810010427E-04));
#3465 = CARTESIAN_POINT('',(3.525080113372,-1.924683279375E-04));
#3466 = CARTESIAN_POINT('',(3.506948887061,-1.587565805826E-04));
#3467 = CARTESIAN_POINT('',(3.488817691137,-1.341697534148E-04));
#3468 = CARTESIAN_POINT('',(3.470686506418,-1.197713071285E-04));
#3469 = CARTESIAN_POINT('',(3.452555312622,-1.163679281522E-04));
#3470 = CARTESIAN_POINT('',(3.434424099695,-1.24413288126E-04));
#3471 = CARTESIAN_POINT('',(3.381747950453,-1.810618020431E-04));
#3472 = CARTESIAN_POINT('',(3.347202338453,-2.597980961848E-04));
#3473 = CARTESIAN_POINT('',(3.312656777641,-3.799891975537E-04));
#3474 = CARTESIAN_POINT('',(3.278111315595,-5.355497453328E-04));
#3475 = CARTESIAN_POINT('',(3.243565612064,-7.111461901872E-04));
#3476 = CARTESIAN_POINT('',(3.209019319218,-8.786673725984E-04));
#3477 = CARTESIAN_POINT('',(3.174472543077,-9.934599954872E-04));
#3478 = CARTESIAN_POINT('',(3.120446398103,-9.885634712227E-04));
#3479 = CARTESIAN_POINT('',(3.100966399964,-9.499829259379E-04));
#3480 = CARTESIAN_POINT('',(3.081486474126,-8.861821616081E-04));
#3481 = CARTESIAN_POINT('',(3.062006642905,-8.066898212555E-04));
#3482 = CARTESIAN_POINT('',(3.042526894693,-7.191873463466E-04));
#3483 = CARTESIAN_POINT('',(3.02304721015,-6.297279385566E-04));
#3484 = CARTESIAN_POINT('',(3.003567588401,-5.429555215325E-04));
#3485 = CARTESIAN_POINT('',(2.984088073225,-4.623237026578E-04));
#3486 = ( GEOMETRIC_REPRESENTATION_CONTEXT(2) 
PARAMETRIC_REPRESENTATION_CONTEXT() REPRESENTATION_CONTEXT('2D SPACE',''
  ) );
#3487 = ORIENTED_EDGE('',*,*,#2707,.T.);
#3488 = ORIENTED_EDGE('',*,*,#3169,.T.);
#3489 = ADVANCED_FACE('',(#3490),#2438,.T.);
#3490 = FACE_BOUND('',#3491,.F.);
#3491 = EDGE_LOOP('',(#3492,#3493,#3494,#3495));
#3492 = ORIENTED_EDGE('',*,*,#2625,.F.);
#3493 = ORIENTED_EDGE('',*,*,#2404,.F.);
#3494 = ORIENTED_EDGE('',*,*,#3302,.F.);
#3495 = ORIENTED_EDGE('',*,*,#2740,.F.);
#3496 = ADVANCED_FACE('',(#3497),#2914,.F.);
#3497 = FACE_BOUND('',#3498,.F.);
#3498 = EDGE_LOOP('',(#3499,#3528,#3549,#3550));
#3499 = ORIENTED_EDGE('',*,*,#3500,.F.);
#3500 = EDGE_CURVE('',#3501,#3501,#3503,.T.);
#3501 = VERTEX_POINT('',#3502);
#3502 = CARTESIAN_POINT('',(19.5,-4.776122516675E-15,91.));
#3503 = SURFACE_CURVE('',#3504,(#3509,#3516),.PCURVE_S1.);
#3504 = CIRCLE('',#3505,19.5);
#3505 = AXIS2_PLACEMENT_3D('',#3506,#3507,#3508);
#3506 = CARTESIAN_POINT('',(0.,0.,91.));
#3507 = DIRECTION('',(0.,0.,1.));
#3508 = DIRECTION('',(1.,0.,0.));
#3509 = PCURVE('',#2914,#3510);
#3510 = DEFINITIONAL_REPRESENTATION('',(#3511),#3515);
#3511 = LINE('',#3512,#3513);
#3512 = CARTESIAN_POINT('',(0.,91.));
#3513 = VECTOR('',#3514,1.);
#3514 = DIRECTION('',(1.,0.));
#3515 = ( GEOMETRIC_REPRESENTATION_CONTEXT(2) 
PARAMETRIC_REPRESENTATION_CONTEXT() REPRESENTATION_CONTEXT('2D SPACE',''
  ) );
#3516 = PCURVE('',#3517,#3522);
#3517 = PLANE('',#3518);
#3518 = AXIS2_PLACEMENT_3D('',#3519,#3520,#3521);
#3519 = CARTESIAN_POINT('',(0.,0.,91.));
#3520 = DIRECTION('',(0.,0.,1.));
#3521 = DIRECTION('',(1.,0.,0.));
#3522 = DEFINITIONAL_REPRESENTATION('',(#3523),#3527);
#3523 = CIRCLE('',#3524,19.5);
#3524 = AXIS2_PLACEMENT_2D('',#3525,#3526);
#3525 = CARTESIAN_POINT('',(0.,0.));
#3526 = DIRECTION('',(1.,0.));
#3527 = ( GEOMETRIC_REPRESENTATION_CONTEXT(2) 
PARAMETRIC_REPRESENTATION_CONTEXT() REPRESENTATION_CONTEXT('2D SPACE',''
  ) );
#3528 = ORIENTED_EDGE('',*,*,#3529,.F.);
#3529 = EDGE_CURVE('',#2898,#3501,#3530,.T.);
#3530 = SEAM_CURVE('',#3531,(#3535,#3542),.PCURVE_S1.);
#3531 = LINE('',#3532,#3533);
#3532 = CARTESIAN_POINT('',(19.5,-4.776122516675E-15,0.));
#3533 = VECTOR('',#3534,1.);
#3534 = DIRECTION('',(0.,0.,1.));
#3535 = PCURVE('',#2914,#3536);
#3536 = DEFINITIONAL_REPRESENTATION('',(#3537),#3541);
#3537 = LINE('',#3538,#3539);
#3538 = CARTESIAN_POINT('',(6.28318530718,-0.));
#3539 = VECTOR('',#3540,1.);
#3540 = DIRECTION('',(0.,1.));
#3541 = ( GEOMETRIC_REPRESENTATION_CONTEXT(2) 
PARAMETRIC_REPRESENTATION_CONTEXT() REPRESENTATION_CONTEXT('2D SPACE',''
  ) );
#3542 = PCURVE('',#2914,#3543);
#3543 = DEFINITIONAL_REPRESENTATION('',(#3544),#3548);
#3544 = LINE('',#3545,#3546);
#3545 = CARTESIAN_POINT('',(0.,-0.));
#3546 = VECTOR('',#3547,1.);
#3547 = DIRECTION('',(0.,1.));
#3548 = ( GEOMETRIC_REPRESENTATION_CONTEXT(2) 
PARAMETRIC_REPRESENTATION_CONTEXT() REPRESENTATION_CONTEXT('2D SPACE',''
  ) );
#3549 = ORIENTED_EDGE('',*,*,#2897,.T.);
#3550 = ORIENTED_EDGE('',*,*,#3529,.T.);
#3551 = ADVANCED_FACE('',(#3552),#3517,.F.);
#3552 = FACE_BOUND('',#3553,.F.);
#3553 = EDGE_LOOP('',(#3554));
#3554 = ORIENTED_EDGE('',*,*,#3500,.T.);
#3555 = ( GEOMETRIC_REPRESENTATION_CONTEXT(3) 
GLOBAL_UNCERTAINTY_ASSIGNED_CONTEXT((#3559)) 
GLOBAL_UNIT_ASSIGNED_CONTEXT((#3556,#3557,#3558)) REPRESENTATION_CONTEXT
('Context #1','3D Context with UNIT and UNCERTAINTY') );
#3556 = ( LENGTH_UNIT() NAMED_UNIT(*) SI_UNIT(.MILLI.,.METRE.) );
#3557 = ( NAMED_UNIT(*) PLANE_ANGLE_UNIT() SI_UNIT($,.RADIAN.) );
#3558 = ( NAMED_UNIT(*) SI_UNIT($,.STERADIAN.) SOLID_ANGLE_UNIT() );
#3559 = UNCERTAINTY_MEASURE_WITH_UNIT(LENGTH_MEASURE(2.E-06),#3556,
  'distance_accuracy_value','confusion accuracy');
#3560 = PRODUCT_RELATED_PRODUCT_CATEGORY('part',$,(#7));
ENDSEC;
END-ISO-10303-21;
